node_id,lat,lon,flood_prob_lead1h,flood_prob_max_lead1h,flood_unc_lead1h,flood_prob_lead3h,flood_prob_max_lead3h,flood_unc_lead3h,flood_prob_lead6h,flood_prob_max_lead6h,flood_unc_lead6h,flood_prob_lead12h,flood_prob_max_lead12h,flood_unc_lead12h,flood_binary,flood_prob
0,12.974983528145819,80.23007576982248,0.9999989,0.9999989,3.0861735e-05,0.9999995,0.9999995,1.8261844e-05,0.9999999,0.9999999,1.6011667e-05,1.0,1.0,1.0686751e-06,1,0.9999989
1,12.975053189371828,80.23148206259809,0.9999989,0.9999989,0.00012609073,0.9999995,0.9999995,0.0016826796,0.9999999,0.9999999,8.019103e-05,1.0,1.0,2.3176628e-05,1,0.9999989
2,12.975128177062064,80.23265352460089,0.9999989,0.9999989,7.240599e-05,0.9999995,0.9999995,0.00019512407,0.9999999,0.9999999,8.080709e-05,1.0,1.0,3.71073e-05,1,0.9999989
3,12.97507709242866,80.23422087357451,0.9999989,0.9999989,7.384347e-05,0.9999995,0.9999995,1.9995843e-05,0.9999999,0.9999999,4.314873e-06,1.0,1.0,9.589572e-06,1,0.9999989
4,12.974986629340073,80.23542867621734,0.9999989,0.9999989,0.0002184762,0.9999995,0.9999995,0.00043845124,0.9999999,0.9999999,8.772496e-05,1.0,1.0,1.044468e-05,1,0.9999989
5,12.975115010327572,80.23687867985008,0.9999989,0.9999989,9.4629475e-05,0.9999995,0.9999995,2.1526503e-05,0.9999999,0.9999999,1.4065973e-05,1.0,1.0,3.1645402e-06,1,0.9999989
6,12.975086982109218,80.23833708662679,0.9999989,0.9999989,0.0007530267,0.9999995,0.9999995,0.00068933424,0.9999999,0.9999999,0.001016482,1.0,1.0,0.00020252416,1,0.9999989
7,12.974926492648702,80.23966452941752,0.9999989,0.9999989,0.0030928054,0.9999995,0.9999995,0.0013881907,0.9999999,0.9999999,0.0018612908,1.0,1.0,0.0010112704,1,0.9999989
8,12.974882451650046,80.24107815941449,0.9999989,0.9999989,0.00020643366,0.9999995,0.9999995,8.30147e-05,0.9999999,0.9999999,5.718141e-05,1.0,1.0,5.3301633e-06,1,0.9999989
9,12.975035482680324,80.24253656046304,0.9999989,0.9999989,6.461828e-05,0.9999995,0.9999995,4.1819814e-05,0.9999999,0.9999999,0.00019407627,1.0,1.0,4.648571e-05,1,0.9999989
10,12.97496079571545,80.24390020919734,0.9999989,0.9999989,6.403137e-05,0.9999995,0.9999995,0.00042163878,0.9999999,0.9999999,4.956404e-05,1.0,1.0,1.9114157e-05,1,0.9999989
11,12.975105943528922,80.24534189503684,0.9999989,0.9999989,0.0013537968,0.9999995,0.9999995,0.00060574303,0.9999999,0.9999999,0.0005490243,1.0,1.0,0.00011952944,1,0.9999989
12,12.974917707161655,80.24667158816347,0.9999989,0.9999989,0.0004899316,0.9999995,0.9999995,0.0018265959,0.9999999,0.9999999,0.00013963031,1.0,1.0,9.034041e-05,1,0.9999989
13,12.974877058147445,80.24796827243978,0.9999989,0.9999989,0.00055293005,0.9999995,0.9999995,0.00017901413,0.9999999,0.9999999,1.5664902e-05,1.0,1.0,3.3248747e-05,1,0.9999989
14,12.97504933047608,80.24926474402366,0.9999989,0.9999989,0.00019022876,0.9999995,0.9999995,1.2904105e-05,0.9999999,0.9999999,5.92685e-05,1.0,1.0,2.1008907e-06,1,0.9999989
15,12.975125990765118,80.25081093774159,0.9999989,0.9999989,3.8522696e-05,0.9999995,0.9999995,0.0009876402,0.9999999,0.9999999,7.4748446e-06,1.0,1.0,2.3430523e-05,1,0.9999989
16,12.974965089751896,80.25207795245943,0.9999989,0.9999989,0.0003445185,0.9999995,0.9999995,0.00021272044,0.9999999,0.9999999,3.534435e-05,1.0,1.0,5.894459e-06,1,0.9999989
17,12.974916314595513,80.25350058775194,0.9999989,0.9999989,0.00013955799,0.9999995,0.9999995,3.615206e-05,0.9999999,0.9999999,0.00018437878,1.0,1.0,1.249615e-05,1,0.9999989
18,12.974993452639119,80.25478953568046,0.9999989,0.9999989,0.0004929416,0.9999995,0.9999995,0.00014689815,0.9999999,0.9999999,0.00016439758,1.0,1.0,3.907749e-05,1,0.9999989
19,12.975045763742727,80.25619924306268,0.9999989,0.9999989,0.00013078815,0.9999995,0.9999995,0.0003726661,0.9999999,0.9999999,0.001495,1.0,1.0,6.213576e-05,1,0.9999989
20,12.975089654562359,80.25764027404787,0.9999989,0.9999989,0.00030149074,0.9999995,0.9999995,0.00027862604,0.9999999,0.9999999,9.7136835e-05,1.0,1.0,0.00019129226,1,0.9999989
21,12.974949434057145,80.25909592780559,0.9999989,0.9999989,0.00022578248,0.9999995,0.9999995,6.1257175e-05,0.9999999,0.9999999,0.00016809306,1.0,1.0,3.4104913e-05,1,0.9999989
22,12.975082131968422,80.26051531726365,0.9999989,0.9999989,0.00032555338,0.9999995,0.9999995,0.0012167167,0.9999999,0.9999999,0.0001029202,1.0,1.0,6.818901e-05,1,0.9999989
23,12.974942955831098,80.26177518396405,0.9999989,0.9999989,0.0030341784,0.9999995,0.9999995,0.00014447224,0.9999999,0.9999999,9.903407e-05,1.0,1.0,0.00018922119,1,0.9999989
24,12.974902915689078,80.26323966160436,0.9999989,0.9999989,0.025316387,0.9999995,0.9999995,0.011040813,0.9999999,0.9999999,0.009838003,1.0,1.0,0.039175842,1,0.9999989
25,12.974867237406508,80.2644890720846,0.9999989,0.9999989,0.001028272,0.9999995,0.9999995,0.0028944395,0.9999999,0.9999999,0.00031754226,1.0,1.0,0.00015990286,1,0.9999989
26,12.975044426210005,80.26603430981875,0.9999989,0.9999989,0.00022104304,0.9999995,0.9999995,0.00013822944,0.9999999,0.9999999,7.1257896e-06,1.0,1.0,2.0291678e-05,1,0.9999989
27,12.975075654607712,80.2673945800135,0.9999989,0.9999989,0.00011366652,0.9999995,0.9999995,7.762642e-05,0.9999999,0.9999999,0.00010715754,1.0,1.0,1.57322e-05,1,0.9999989
28,12.975018525295352,80.26870935596222,0.9999989,0.9999989,0.000104116225,0.9999995,0.9999995,0.00020023459,0.9999999,0.9999999,0.00013932241,1.0,1.0,3.2819266e-06,1,0.9999989
29,12.976243585179716,80.22990037629157,0.9999989,0.9999989,2.4043482e-05,0.9999995,0.9999995,5.9982518e-05,0.9999999,0.9999999,1.2160817e-05,1.0,1.0,4.4998483e-06,1,0.9999989
30,12.97633967738218,80.23142945913017,0.9999989,0.9999989,6.2119776e-05,0.9999995,0.9999995,0.00012140804,0.9999999,0.9999999,2.8871042e-05,1.0,1.0,8.328695e-05,1,0.9999989
31,12.97641888219298,80.23278380841357,0.9999989,0.9999989,0.0010006119,0.9999995,0.9999995,0.0001879241,0.9999999,0.9999999,0.002835799,1.0,1.0,6.3612395e-05,1,0.9999989
32,12.976361906054795,80.23418590838313,0.9999989,0.9999989,0.0009130075,0.9999995,0.9999995,3.4437428e-05,0.9999999,0.9999999,2.629047e-05,1.0,1.0,2.2375238e-05,1,0.9999989
33,12.976294632617156,80.23554790658389,0.9999989,0.99999905,3.797271e-05,0.9999995,0.9999995,0.00013840289,0.9999999,0.9999999,4.84817e-06,1.0,1.0,2.5969546e-06,1,0.9999989
34,12.976330412519557,80.23678464929756,0.9999989,0.9999989,0.00027571293,0.9999995,0.9999995,0.0007923682,0.9999999,0.9999999,1.8394368e-05,1.0,1.0,5.8409325e-05,1,0.9999989
35,12.976322815840026,80.23821835771588,0.9999989,0.9999989,0.0015012055,0.9999995,0.9999995,0.00010073304,0.9999999,0.9999999,4.728268e-06,1.0,1.0,7.824513e-05,1,0.9999989
36,12.976275765222566,80.2397779227315,0.9999989,0.9999989,0.00010740861,0.9999995,0.9999995,0.0002144416,0.9999999,0.9999999,0.0006855765,1.0,1.0,1.1577561e-05,1,0.9999989
37,12.976288551174639,80.24094089943183,0.9999989,0.9999989,7.644284e-05,0.9999995,0.9999995,0.0008969599,0.9999999,0.9999999,6.2363665e-06,1.0,1.0,9.200609e-06,1,0.9999989
38,12.976391102186865,80.24238885823021,0.9999989,0.9999989,8.374101e-05,0.9999995,0.9999995,0.00016208144,0.9999999,0.9999999,4.252609e-05,1.0,1.0,2.840799e-05,1,0.9999989
39,12.976423975442627,80.24384460193379,0.9999989,0.9999989,0.00030602713,0.9999995,0.9999995,3.3474924e-05,0.9999999,0.9999999,0.002659783,1.0,1.0,4.1164683e-05,1,0.9999989
40,12.976322238643938,80.24525715626912,0.9999989,0.9999989,0.0007821692,0.9999995,0.9999995,0.00047206492,0.9999999,0.9999999,0.00048707184,1.0,1.0,2.2006247e-05,1,0.9999989
41,12.9762577181782,80.24668144449137,0.9999989,0.9999989,0.00011850949,0.9999995,0.9999995,0.00011854164,0.9999999,0.9999999,8.096421e-05,1.0,1.0,1.5949128e-05,1,0.9999989
42,12.976236987386123,80.24784546997557,0.9999989,0.9999989,0.00019019555,0.9999995,0.9999995,0.00014533261,0.9999999,0.9999999,0.00015300512,1.0,1.0,7.510839e-05,1,0.9999989
43,12.976337192929462,80.24942185883297,0.9999989,0.9999989,0.008358566,0.9999995,0.9999995,0.0003117721,0.9999999,0.9999999,0.00031038394,1.0,1.0,0.00010424287,1,0.9999989
44,12.976347748322432,80.25064955797829,0.9999989,0.9999989,0.009442877,0.9999995,0.9999995,1.9849675e-05,0.9999999,0.9999999,1.6755981e-05,1.0,1.0,2.0571635e-05,1,0.9999989
45,12.97640037379853,80.25202996275952,0.9999989,0.9999989,0.014155141,0.9999995,0.9999995,0.0074651875,0.9999999,0.9999999,0.0064817388,1.0,1.0,0.0016735082,1,0.9999989
46,12.976315402773832,80.25349411598877,0.9999989,0.9999989,0.000631056,0.9999995,0.9999995,7.557219e-05,0.9999999,0.9999999,4.3294305e-05,1.0,1.0,9.199852e-06,1,0.9999989
47,12.97638257705528,80.25483699361446,0.9999989,0.9999989,0.0010797685,0.9999995,0.9999995,0.0030041158,0.9999999,0.9999999,0.019217074,1.0,1.0,0.004292995,1,0.9999989
48,12.976236341156842,80.25623655414316,0.9999989,0.9999989,0.0005363382,0.9999995,0.9999995,0.00021213491,0.9999999,0.9999999,0.000121283534,1.0,1.0,1.8073582e-05,1,0.9999989
49,12.976471945112618,80.25755200573929,0.9999989,0.9999989,0.0019973726,0.9999995,0.9999995,4.4595567e-05,0.9999999,0.9999999,3.4133485e-05,1.0,1.0,1.7668643e-05,1,0.9999989
50,12.976401286507496,80.25915354301524,0.9999989,0.9999989,0.0006906822,0.9999995,0.9999995,0.00020482276,0.9999999,0.9999999,0.00030002886,1.0,1.0,4.751166e-05,1,0.9999989
51,12.976473906677331,80.26035866710811,0.9999989,0.9999989,0.00026757523,0.9999995,0.9999995,3.2767763e-05,0.9999999,0.9999999,3.408047e-05,1.0,1.0,1.3382768e-05,1,0.9999989
52,12.976405917226687,80.2618834007744,0.9999989,0.9999989,0.00031147734,0.9999995,0.9999995,0.00011182345,0.9999999,0.9999999,8.133671e-05,1.0,1.0,4.602919e-05,1,0.9999989
53,12.97628608737743,80.26317518220328,0.9999989,0.9999989,0.00016598144,0.9999995,0.9999995,3.911787e-05,0.9999999,0.9999999,3.298789e-05,1.0,1.0,2.1377788e-05,1,0.9999989
54,12.976455965432056,80.26446044164202,0.9999989,0.9999989,0.000709875,0.9999995,0.9999995,0.00037304117,0.9999999,0.9999999,0.0009221707,1.0,1.0,8.6046035e-05,1,0.9999989
55,12.976267255667839,80.26594272201864,0.9999989,0.9999989,0.0037390045,0.9999995,0.9999995,0.012459718,0.9999999,0.9999999,0.0011671159,1.0,1.0,0.0007990894,1,0.9999989
56,12.976368815909705,80.26728416822806,0.9999989,0.9999989,0.0013587807,0.9999995,0.9999995,0.0013057356,0.9999999,0.9999999,0.0022120294,1.0,1.0,7.009388e-05,1,0.9999989
57,12.976443571941456,80.2686313218229,0.9999989,0.9999989,0.00016367601,0.9999995,0.9999995,0.0057923244,0.9999999,0.9999999,2.3409759e-05,1.0,1.0,2.21782e-05,1,0.9999989
58,12.977754077332722,80.23007150044317,0.9999989,0.9999989,0.0023171112,0.9999995,0.9999995,0.000655396,0.9999999,0.9999999,0.00079729955,1.0,1.0,0.00023707839,1,0.9999989
59,12.977729242411257,80.23136410134401,0.9999989,0.9999989,0.00019661678,0.9999995,0.9999995,0.00039878552,0.9999999,0.9999999,9.922668e-05,1.0,1.0,2.0005335e-05,1,0.9999989
60,12.977735316187987,80.23278902516266,0.9999989,0.9999989,0.000709744,0.9999995,0.9999995,0.00030663187,0.9999999,0.9999999,6.5630984e-06,1.0,1.0,2.2655651e-05,1,0.9999989
61,12.97767224417953,80.2340337154915,0.9999989,0.99999905,0.00012376872,0.9999995,0.9999995,8.540708e-05,0.9999999,0.9999999,4.9358136e-05,1.0,1.0,2.3126391e-05,1,0.9999989
62,12.977693314090708,80.23540475249426,0.9999989,0.9999989,0.0011198891,0.9999995,0.9999995,0.0014100618,0.9999999,0.9999999,0.0004770392,1.0,1.0,3.4526973e-05,1,0.9999989
63,12.9775991351569,80.23686735768733,0.99999905,0.99999905,0.00053810375,0.9999995,0.99999964,0.0009238026,0.9999999,0.9999999,1.3503834e-05,1.0,1.0,3.2048512e-05,1,0.99999905
64,12.977718553154558,80.23818760746195,0.99999905,0.99999905,0.001245947,0.9999995,0.99999964,0.0010799798,0.9999999,0.9999999,0.00028674677,1.0,1.0,9.668691e-05,1,0.99999905
65,12.97780950057089,80.2395890734592,0.99999905,0.99999905,0.0015533754,0.99999964,0.99999964,0.0061176065,0.9999999,0.9999999,0.004908127,1.0,1.0,0.0013836444,1,0.99999905
66,12.97765366595523,80.24108548215312,0.9999989,0.99999905,0.00059546914,0.9999995,0.9999995,0.0032615606,0.9999999,0.9999999,0.00030889697,1.0,1.0,0.00013309655,1,0.9999989
67,12.977566332340379,80.24247109045359,0.9999989,0.9999989,9.083028e-05,0.9999995,0.9999995,4.3906635e-05,0.9999999,0.9999999,2.5892723e-05,1.0,1.0,4.4915632e-06,1,0.9999989
68,12.977690164418869,80.24395565490846,0.9999989,0.9999989,0.00091903855,0.9999995,0.9999995,0.0024343424,0.9999999,0.9999999,0.0014596569,1.0,1.0,0.000102290935,1,0.9999989
69,12.977582482033757,80.24528990893234,0.9999989,0.9999989,0.00046781474,0.9999995,0.9999995,8.531379e-05,0.9999999,0.9999999,6.540962e-05,1.0,1.0,0.00015484261,1,0.9999989
70,12.977692429121728,80.2465909038195,0.9999989,0.9999989,8.1947444e-05,0.9999995,0.9999995,0.00073457387,0.9999999,0.9999999,3.81599e-05,1.0,1.0,2.9955607e-05,1,0.9999989
71,12.977714263758278,80.24809856916656,0.9999989,0.9999989,0.0006887983,0.9999995,0.9999995,0.0006612246,0.9999999,0.9999999,0.0007235701,1.0,1.0,0.00014813893,1,0.9999989
72,12.977632135015208,80.24935302723756,0.9999989,0.9999989,0.00094567664,0.9999995,0.9999995,0.00046921827,0.9999999,0.9999999,3.8084865e-05,1.0,1.0,1.7948043e-05,1,0.9999989
73,12.977700504600021,80.25069665819773,0.9999989,0.9999989,0.002847508,0.9999995,0.9999995,0.0001521086,0.9999999,0.9999999,7.105488e-05,1.0,1.0,0.000736212,1,0.9999989
74,12.977566011160587,80.25210922942496,0.9999989,0.9999989,0.00036368577,0.9999995,0.9999995,0.008022536,0.9999999,0.9999999,0.00016893382,1.0,1.0,7.572316e-05,1,0.9999989
75,12.977801696219505,80.25359925260015,0.9999989,0.9999989,0.00017719094,0.9999995,0.9999995,4.6112247e-05,0.9999999,0.9999999,0.0001658045,1.0,1.0,6.6094535e-06,1,0.9999989
76,12.977709495906453,80.25479239204806,0.9999989,0.9999989,0.00017135772,0.9999995,0.9999995,6.95386e-05,0.9999999,0.9999999,3.651727e-05,1.0,1.0,2.3703993e-05,1,0.9999989
77,12.977741351085083,80.25616651476005,0.9999989,0.9999989,9.2034665e-05,0.9999995,0.9999995,5.3490574e-05,0.9999999,0.9999999,3.215888e-05,1.0,1.0,4.0044262e-05,1,0.9999989
78,12.97773789686526,80.25759715074588,0.9999989,0.9999989,0.00044554105,0.9999995,0.9999995,0.0019353103,0.9999999,0.9999999,0.0005391602,1.0,1.0,0.0014090857,1,0.9999989
79,12.97776733223821,80.25910332056225,0.9999989,0.9999989,0.0002706481,0.9999995,0.9999995,0.00028861655,0.9999999,0.9999999,0.0011811241,1.0,1.0,0.00014670526,1,0.9999989
80,12.9778070459518,80.2603149323284,0.9999989,0.9999989,0.000598634,0.9999995,0.9999995,0.0008321107,0.9999999,0.9999999,2.528374e-05,1.0,1.0,1.867697e-05,1,0.9999989
81,12.977570269283914,80.26173168832,0.9999989,0.9999989,0.016169064,0.9999995,0.9999995,0.001829647,0.9999999,0.9999999,0.0005043248,1.0,1.0,0.0007750586,1,0.9999989
82,12.97766014793852,80.26320435853249,0.9999989,0.9999989,1.7638315e-05,0.9999995,0.9999995,1.2113761e-05,0.9999999,0.9999999,3.2680928e-06,1.0,1.0,5.689537e-07,1,0.9999989
83,12.977778005247593,80.26466328255655,0.9999989,0.9999989,4.553525e-05,0.9999995,0.9999995,0.00029807712,0.9999999,0.9999999,0.0008717775,1.0,1.0,1.5042178e-05,1,0.9999989
84,12.977816986901296,80.2659043781638,0.9999989,0.9999989,0.00021027829,0.9999995,0.9999995,0.00023947263,0.9999999,0.9999999,2.4914843e-05,1.0,1.0,0.00020299548,1,0.9999989
85,12.97769899132121,80.2672800088523,0.9999989,0.9999989,0.0018194707,0.9999995,0.9999995,0.00010624507,0.9999999,0.9999999,0.0007885024,1.0,1.0,2.143909e-05,1,0.9999989
86,12.977812444368501,80.2686532245592,0.9999989,0.9999989,0.00047764153,0.9999995,0.9999995,0.0006244965,0.9999999,0.9999999,5.7702327e-05,1.0,1.0,3.9527742e-05,1,0.9999989
87,12.978919756724595,80.22990723838275,0.9999989,0.9999989,0.00040139953,0.9999995,0.9999995,0.0008187614,0.9999999,0.9999999,0.0006803211,1.0,1.0,4.743657e-05,1,0.9999989
88,12.979175092228907,80.2313649321856,0.9999989,0.9999989,5.018766e-05,0.9999995,0.9999995,3.4303677e-05,0.9999999,0.9999999,7.2457983e-06,1.0,1.0,1.3332352e-06,1,0.9999989
89,12.979109398496083,80.23287409438774,0.999999,0.99999905,2.331392e-05,0.9999995,0.9999995,1.4360372e-05,0.9999999,0.9999999,1.743905e-05,1.0,1.0,1.0161536e-06,1,0.999999
90,12.979148431541423,80.23425673249731,0.99999905,0.99999905,0.0001265829,0.9999995,0.9999995,0.0023062823,0.9999999,0.9999999,3.7570233e-05,1.0,1.0,1.3447475e-05,1,0.99999905
91,12.978992794390543,80.23553674705134,0.99999905,0.99999905,0.00017245322,0.9999995,0.9999995,2.2947655e-05,0.9999999,0.9999999,1.9791183e-05,1.0,1.0,3.6855117e-06,1,0.99999905
92,12.979085966923241,80.23698964635226,0.999999,0.99999905,0.0018583667,0.9999995,0.9999995,0.0024865032,0.9999999,0.9999999,0.0011696691,1.0,1.0,5.51416e-05,1,0.999999
93,12.978933111750289,80.23826235359508,0.999999,0.99999905,0.00026875833,0.99999964,0.99999964,0.00016952862,0.9999999,0.9999999,2.5004543e-05,1.0,1.0,3.7770256e-05,1,0.999999
94,12.978978384975548,80.23974843594658,0.9999989,0.9999989,3.170095e-05,0.9999995,0.9999995,9.746993e-05,0.9999999,0.9999999,3.556213e-05,1.0,1.0,8.667624e-06,1,0.9999989
95,12.978972593579325,80.24118387482176,0.9999989,0.99999905,0.0016628718,0.9999995,0.9999995,1.4041849e-05,0.9999999,0.9999999,0.000166918,1.0,1.0,2.349491e-05,1,0.9999989
96,12.979131632951526,80.2423416090447,0.9999989,0.9999989,0.00012881876,0.9999995,0.9999995,1.1802085e-05,0.9999999,0.9999999,2.526207e-05,1.0,1.0,4.194477e-06,1,0.9999989
97,12.978955965228575,80.24373293474486,0.9999989,0.9999989,0.00046952532,0.9999995,0.9999995,3.217934e-05,0.9999999,0.9999999,0.00012208447,1.0,1.0,6.9130865e-06,1,0.9999989
98,12.979143342267566,80.24523919794575,0.9999989,0.9999989,0.0003225483,0.9999995,0.9999995,7.380514e-05,0.9999999,0.9999999,0.0007744668,1.0,1.0,6.8767244e-05,1,0.9999989
99,12.978991283778182,80.24651063475554,0.9999989,0.9999989,0.0007921055,0.9999995,0.9999995,6.5658984e-05,0.9999999,0.9999999,8.748002e-06,1.0,1.0,8.05831e-05,1,0.9999989
100,12.979169554372817,80.24805420030708,0.9999989,0.9999989,2.3450522e-05,0.9999995,0.9999995,3.416572e-05,0.9999999,0.9999999,1.3557906e-05,1.0,1.0,2.7375572e-05,1,0.9999989
101,12.978946433031592,80.24936056444265,0.9999989,0.9999989,0.00029407247,0.9999995,0.9999995,2.565721e-05,0.9999999,0.9999999,0.00016392856,1.0,1.0,1.1580584e-05,1,0.9999989
102,12.97896954438466,80.25060880843442,0.9999989,0.9999989,0.00024241263,0.9999995,0.9999995,0.00083160016,0.9999999,0.9999999,6.4822575e-06,1.0,1.0,0.00010639221,1,0.9999989
103,12.979090278119013,80.25202429573756,0.9999989,0.9999989,0.00032432593,0.9999995,0.9999995,0.00051119894,0.9999999,0.9999999,0.00051594875,1.0,1.0,3.5085868e-05,1,0.9999989
104,12.979044106161956,80.25340441563473,0.9999989,0.9999989,1.7509436e-05,0.9999995,0.9999995,5.1761323e-05,0.9999999,0.9999999,1.3918702e-05,1.0,1.0,1.4404633e-06,1,0.9999989
105,12.979064260674424,80.25494561915563,0.9999989,0.9999989,0.00030448328,0.9999995,0.9999995,1.3788352e-05,0.9999999,0.9999999,3.550135e-05,1.0,1.0,1.234692e-05,1,0.9999989
106,12.9791243598256,80.2561917385179,0.9999989,0.9999989,0.00090330705,0.9999995,0.9999995,0.00027173726,0.9999999,0.9999999,0.0002089833,1.0,1.0,0.000543681,1,0.9999989
107,12.97910680488787,80.25771723291784,0.9999989,0.9999989,0.00025889865,0.9999995,0.9999995,7.7436394e-05,0.9999999,0.9999999,3.9905586e-05,1.0,1.0,3.3037762e-05,1,0.9999989
108,12.978941004438642,80.25893849839265,0.9999989,0.9999989,0.0031945307,0.9999995,0.9999995,0.00047556704,0.9999999,0.9999999,6.138003e-05,1.0,1.0,8.5753185e-05,1,0.9999989
109,12.979014798291546,80.26054167577064,0.9999989,0.9999989,0.0015006437,0.9999995,0.9999995,0.00028468747,0.9999999,0.9999999,0.000657179,1.0,1.0,0.0011076165,1,0.9999989
110,12.97903932376357,80.2617512518805,0.9999989,0.9999989,2.1310016e-05,0.9999995,0.9999995,0.00013014648,0.9999999,0.9999999,1.4394622e-05,1.0,1.0,6.0936945e-06,1,0.9999989
111,12.97916518772648,80.2632342320493,0.9999989,0.9999989,0.00015201424,0.9999995,0.9999995,0.0002168093,0.9999999,0.9999999,7.089314e-06,1.0,1.0,4.534322e-06,1,0.9999989
112,12.979156883335246,80.264513006474,0.9999989,0.9999989,0.0036016135,0.9999995,0.9999995,0.00030678502,0.9999999,0.9999999,0.0006672239,1.0,1.0,0.00011691674,1,0.9999989
113,12.97905727579294,80.26582354053134,0.9999989,0.9999989,4.621212e-05,0.9999995,0.9999995,0.0010350787,0.9999999,0.9999999,2.8607876e-06,1.0,1.0,4.0092314e-06,1,0.9999989
114,12.97893619225757,80.26737489045412,0.9999989,0.9999989,0.0016784326,0.9999995,0.9999995,0.0023415668,0.9999999,0.9999999,0.0012414359,1.0,1.0,0.003619959,1,0.9999989
115,12.979020602134206,80.26862124525755,0.9999989,0.9999989,0.00011295794,0.9999995,0.9999995,0.000118859774,0.9999999,0.9999999,7.104756e-05,1.0,1.0,5.2696625e-05,1,0.9999989
116,12.980415749879603,80.23012894882008,0.9999989,0.9999989,0.00011421798,0.9999995,0.9999995,4.1779276e-05,0.9999999,0.9999999,2.9935567e-05,1.0,1.0,1.106177e-05,1,0.9999989
117,12.980471890293467,80.23150264689228,0.9999989,0.9999989,7.360422e-05,0.9999995,0.9999995,9.741459e-06,0.9999999,0.9999999,6.79559e-06,1.0,1.0,9.225263e-06,1,0.9999989
118,12.980466608906557,80.23275674415088,0.9999989,0.9999989,6.531244e-05,0.9999995,0.9999995,8.56708e-05,0.9999999,0.9999999,8.6040374e-05,1.0,1.0,1.4869505e-05,1,0.9999989
119,12.980284533955293,80.23401529340778,0.99999905,0.99999905,0.006610336,0.9999995,0.9999995,0.00039008734,0.9999999,0.9999999,4.5741697e-05,1.0,1.0,5.6710156e-05,1,0.99999905
120,12.98046985728216,80.23562264350507,0.9999989,0.99999905,0.00018572976,0.99999964,0.99999964,0.0003845164,0.9999999,0.9999999,8.641556e-05,1.0,1.0,1.014695e-05,1,0.9999989
121,12.980398159250074,80.23684046878373,0.999999,0.99999905,0.0009427629,0.9999995,0.9999995,0.0001083603,0.9999999,0.9999999,7.297738e-05,1.0,1.0,2.3725814e-05,1,0.999999
122,12.980488970253447,80.23832661839762,0.999999,0.99999905,0.000512549,0.9999995,0.9999995,0.0005415835,0.9999999,0.9999999,0.00061101414,1.0,1.0,0.00047101936,1,0.999999
123,12.98036630566905,80.23970869674721,0.99999905,0.99999905,0.00096356455,0.9999995,0.9999995,0.0005078613,0.9999999,0.9999999,0.0007024349,1.0,1.0,0.00013182953,1,0.99999905
124,12.980369892764926,80.24102826479675,0.99999905,0.99999905,0.00010505147,0.9999995,0.9999995,0.0003718227,0.9999999,0.9999999,1.3623307e-05,1.0,1.0,1.1646556e-05,1,0.99999905
125,12.980488903332311,80.24248796592033,0.9999989,0.9999989,0.0009667079,0.9999995,0.9999995,7.464503e-05,0.9999999,0.9999999,0.000103626844,1.0,1.0,2.96364e-05,1,0.9999989
126,12.980321911488401,80.24381607713516,0.9999989,0.9999989,0.00016908822,0.9999995,0.9999995,5.4888165e-05,0.9999999,0.9999999,3.0820855e-05,1.0,1.0,1.7160386e-06,1,0.9999989
127,12.980456166263094,80.2451388779761,0.9999989,0.9999989,0.0020970877,0.9999995,0.9999995,0.00072441675,0.9999999,0.9999999,0.0057097557,1.0,1.0,0.0004936345,1,0.9999989
128,12.980283492116385,80.24668214931322,0.9999989,0.9999989,0.00014385664,0.9999995,0.9999995,0.00026729333,0.9999999,0.9999999,0.00035385674,1.0,1.0,0.0001883708,1,0.9999989
129,12.980415316294584,80.24785759696837,0.9999989,0.9999989,3.8103724e-05,0.9999995,0.9999995,7.013858e-06,0.9999999,0.9999999,9.574166e-06,1.0,1.0,1.5744274e-06,1,0.9999989
130,12.98047736189107,80.24926249925971,0.9999989,0.9999989,0.00080457143,0.9999995,0.9999995,0.00016561481,0.9999999,0.9999999,0.0019370212,1.0,1.0,0.00030912668,1,0.9999989
131,12.980293892903246,80.25069078528152,0.9999989,0.9999989,0.00180813,0.9999995,0.9999995,0.00027491976,0.9999999,0.9999999,0.0001557281,1.0,1.0,0.00025195855,1,0.9999989
132,12.980299730072606,80.25224255564997,0.9999989,0.9999989,0.006895294,0.9999995,0.9999995,0.004177412,0.9999999,0.9999999,0.0030749058,1.0,1.0,0.00047227307,1,0.9999989
133,12.98029651816256,80.25344946652122,0.9999989,0.9999989,0.02627567,0.9999995,0.9999995,0.00046257608,0.9999999,0.9999999,0.00023525738,1.0,1.0,0.0008447944,1,0.9999989
134,12.980260819623522,80.25478554428192,0.9999989,0.9999989,0.00046729756,0.9999995,0.9999995,0.00055954343,0.9999999,0.9999999,0.0008546297,1.0,1.0,2.7636197e-05,1,0.9999989
135,12.980302185089188,80.2561518063266,0.9999989,0.9999989,5.8836067e-05,0.9999995,0.9999995,5.9609334e-05,0.9999999,0.9999999,0.000112162525,1.0,1.0,1.5341702e-05,1,0.9999989
136,12.980414429702511,80.25753413226388,0.9999989,0.9999989,0.001651311,0.9999995,0.9999995,0.0011855727,0.9999999,0.9999999,0.0028859833,1.0,1.0,0.0012365797,1,0.9999989
137,12.980361201165158,80.25909052057469,0.9999989,0.9999989,0.00062924915,0.9999995,0.9999995,0.00011735501,0.9999999,0.9999999,8.885209e-05,1.0,1.0,3.884131e-05,1,0.9999989
138,12.980391086840738,80.26037308259265,0.9999989,0.9999989,0.0015671011,0.9999995,0.9999995,8.536826e-05,0.9999999,0.9999999,6.0482944e-05,1.0,1.0,2.0937892e-05,1,0.9999989
139,12.980484494689229,80.26191002238554,0.9999989,0.9999989,0.0017347153,0.9999995,0.9999995,0.001077386,0.9999999,0.9999999,0.0001810905,1.0,1.0,0.000111058696,1,0.9999989
140,12.980304032988576,80.26306292352648,0.9999989,0.9999989,0.00018122098,0.9999995,0.9999995,2.694883e-05,0.9999999,0.9999999,3.64363e-05,1.0,1.0,3.39524e-05,1,0.9999989
141,12.980322328667583,80.26449926024382,0.9999989,0.9999989,2.899106e-05,0.9999995,0.9999995,0.0005485167,0.9999999,0.9999999,2.6340029e-05,1.0,1.0,6.1763517e-06,1,0.9999989
142,12.980367300330322,80.26597465454245,0.9999989,0.9999989,0.00016530557,0.9999995,0.9999995,0.0005183657,0.9999999,0.9999999,2.7491078e-06,1.0,1.0,1.0744738e-05,1,0.9999989
143,12.980355806900414,80.26721317033159,0.9999989,0.9999989,0.0023806274,0.9999995,0.9999995,0.0005431313,0.9999999,0.9999999,0.0046267845,1.0,1.0,0.00029264257,1,0.9999989
144,12.980282520275669,80.26872728840476,0.9999989,0.9999989,0.00025377434,0.9999995,0.9999995,0.015966356,0.9999999,0.9999999,0.00014832523,1.0,1.0,0.00012628654,1,0.9999989
145,12.981616590513783,80.2300922268209,0.9999989,0.9999989,0.0012513384,0.9999995,0.9999995,0.0035697725,0.9999999,0.9999999,0.00033285702,1.0,1.0,0.00013876693,1,0.9999989
146,12.981629297468988,80.2315003841219,0.9999989,0.99999905,0.00011809375,0.9999995,0.9999995,0.0001403562,0.9999999,0.9999999,8.823138e-06,1.0,1.0,9.21312e-06,1,0.9999989
147,12.981845846158087,80.23286079041485,0.99999905,0.99999905,0.00047536677,0.99999964,0.99999964,0.00023269435,0.9999999,0.9999999,0.00088022987,1.0,1.0,0.00030975748,1,0.99999905
148,12.981818727779451,80.23428128646394,0.9999989,0.9999989,0.00044359674,0.9999995,0.9999995,0.00047047462,0.9999999,0.9999999,0.00027564183,1.0,1.0,1.7288003e-05,1,0.9999989
149,12.98177573210816,80.23560882820865,0.99999905,0.99999905,0.0003097669,0.9999995,0.9999995,0.00019158245,0.9999999,0.9999999,3.280926e-05,1.0,1.0,1.3190075e-05,1,0.99999905
150,12.98163884806192,80.23699157794154,0.999999,0.99999905,0.00038965858,0.99999964,0.99999964,0.002497981,0.9999999,0.9999999,9.581507e-05,1.0,1.0,0.0006093745,1,0.999999
151,12.981741166781406,80.23830727247969,0.99999905,0.99999905,0.0005493212,0.99999964,0.99999964,0.0015416177,0.9999999,0.9999999,0.00016827429,1.0,1.0,0.00023048131,1,0.99999905
152,12.981727308488756,80.23977907579881,0.99999905,0.99999905,0.0008013271,0.99999964,0.99999964,0.0014091557,0.9999999,0.9999999,0.0017404376,1.0,1.0,0.00029524317,1,0.99999905
153,12.981774945186288,80.24103128098939,0.9999989,0.9999989,6.170244e-05,0.9999995,0.9999995,0.0038447245,0.9999999,0.9999999,4.860585e-05,1.0,1.0,5.2993597e-05,1,0.9999989
154,12.98164025379383,80.24238135458627,0.9999989,0.99999905,0.0008228757,0.9999995,0.9999995,0.00013821122,0.9999999,0.9999999,7.690121e-06,1.0,1.0,1.1612555e-05,1,0.9999989
155,12.98171493604975,80.24382270954956,0.9999989,0.9999989,0.026494231,0.9999995,0.9999995,0.0010317519,0.9999999,0.9999999,0.007111253,1.0,1.0,0.002006731,1,0.9999989
156,12.981701629125977,80.24513774610796,0.9999989,0.9999989,0.0005820992,0.9999995,0.9999995,7.9184065e-05,0.9999999,0.9999999,2.8784516e-05,1.0,1.0,6.763129e-06,1,0.9999989
157,12.98169084501377,80.24655764109541,0.9999989,0.9999989,6.1961844e-05,0.9999995,0.9999995,0.00019320105,0.9999999,0.9999999,5.2687225e-05,1.0,1.0,2.4269298e-06,1,0.9999989
158,12.981787390409307,80.2479441392196,0.9999989,0.9999989,5.9593625e-05,0.9999995,0.9999995,0.00013151151,0.9999999,0.9999999,0.00022243285,1.0,1.0,9.912074e-06,1,0.9999989
159,12.981858298039901,80.24930418024128,0.9999989,0.9999989,0.00023702258,0.9999995,0.9999995,9.630989e-05,0.9999999,0.9999999,0.00027128222,1.0,1.0,7.0847336e-06,1,0.9999989
160,12.98173218929976,80.25085839437011,0.9999989,0.9999989,3.9561208e-05,0.9999995,0.9999995,0.0001920343,0.9999999,0.9999999,7.959068e-07,1.0,1.0,1.5670468e-06,1,0.9999989
161,12.981746883252743,80.25207865381525,0.9999989,0.9999989,0.00060905446,0.9999995,0.9999995,0.00014645519,0.9999999,0.9999999,9.3788876e-05,1.0,1.0,4.6120327e-05,1,0.9999989
162,12.981778455086392,80.25360541156321,0.9999989,0.9999989,0.0006059325,0.9999995,0.9999995,0.0011564854,0.9999999,0.9999999,0.00016357709,1.0,1.0,0.00017451447,1,0.9999989
163,12.981746152248315,80.25497607836449,0.9999989,0.9999989,3.259069e-05,0.9999995,0.9999995,9.868275e-05,0.9999999,0.9999999,4.7804497e-06,1.0,1.0,1.32874175e-05,1,0.9999989
164,12.981680243158694,80.2563115354376,0.9999989,0.9999989,0.00025314334,0.9999995,0.9999995,0.000489315,0.9999999,0.9999999,0.000120310244,1.0,1.0,0.0001221349,1,0.9999989
165,12.98165713382855,80.2577226222978,0.9999989,0.9999989,0.0019122236,0.9999995,0.9999995,0.00035422877,0.9999999,0.9999999,0.00033671502,1.0,1.0,0.0001480467,1,0.9999989
166,12.98183454520347,80.25909441576893,0.9999989,0.9999989,0.0012786818,0.9999995,0.9999995,0.00022627469,0.9999999,0.9999999,0.00013657815,1.0,1.0,7.5994234e-05,1,0.9999989
167,12.981768158392173,80.26032167025659,0.9999989,0.9999989,0.00067613355,0.9999995,0.9999995,0.00012496898,0.9999999,0.9999999,0.0021216357,1.0,1.0,0.00011359353,1,0.9999989
168,12.98179816267381,80.26169431778078,0.9999989,0.9999989,0.00041955928,0.9999995,0.9999995,0.00048377246,0.9999999,0.9999999,0.00037800058,1.0,1.0,6.7666464e-05,1,0.9999989
169,12.981854816696742,80.26307426818734,0.9999989,0.9999989,7.8135236e-05,0.9999995,0.9999995,4.6707843e-05,0.9999999,0.9999999,2.2391596e-05,1.0,1.0,7.645012e-06,1,0.9999989
170,12.981860998988301,80.26447178597404,0.9999989,0.9999989,0.0007112483,0.9999995,0.9999995,8.7844135e-05,0.9999999,0.9999999,0.0058487514,1.0,1.0,0.0001365699,1,0.9999989
171,12.981762580489889,80.26603817077186,0.9999989,0.9999989,0.00015909801,0.9999995,0.9999995,9.613285e-05,0.9999999,0.9999999,2.3795152e-05,1.0,1.0,1.5834083e-05,1,0.9999989
172,12.981816865299766,80.26741600328177,0.9999989,0.9999989,0.00072555506,0.9999995,0.9999995,0.00010441179,0.9999999,0.9999999,0.00034725954,1.0,1.0,2.5891475e-05,1,0.9999989
173,12.981670872265681,80.26884407952812,0.9999989,0.9999989,3.322053e-05,0.9999995,0.9999995,0.000103559825,0.9999999,0.9999999,2.8712948e-05,1.0,1.0,1.3983749e-05,1,0.9999989
174,12.98297566902558,80.2300249128816,0.9999989,0.9999989,0.0011211891,0.9999995,0.9999995,0.00085832085,0.9999999,0.9999999,0.0010232666,1.0,1.0,0.0002393615,1,0.9999989
175,12.982996215766468,80.23141501152783,0.9999989,0.9999989,0.000416848,0.9999995,0.9999995,7.0349575e-05,0.9999999,0.9999999,1.5798267e-05,1.0,1.0,2.1087833e-05,1,0.9999989
176,12.983104320116974,80.23278372945234,0.9999989,0.99999905,0.00012784467,0.9999995,0.9999995,0.0051279347,0.9999999,0.9999999,1.2023423e-05,1.0,1.0,1.0593737e-05,1,0.9999989
177,12.98309089968798,80.23413924074363,0.999999,0.99999905,0.00012853573,0.9999995,0.9999995,3.949154e-05,0.9999999,0.9999999,0.00031044977,1.0,1.0,2.3275072e-06,1,0.999999
178,12.983165445036793,80.23560452629508,0.99999905,0.99999905,0.0028860278,0.9999995,0.9999995,0.00018007577,0.9999999,0.9999999,0.000106423424,1.0,1.0,0.00013857438,1,0.99999905
179,12.983111640345367,80.23691224385188,0.99999905,0.99999905,0.0001618405,0.99999964,0.99999964,0.0003716126,0.9999999,0.9999999,0.0006005616,1.0,1.0,7.461734e-05,1,0.99999905
180,12.982982321304847,80.2384165667424,0.99999905,0.99999905,0.012849571,0.9999995,0.9999995,0.0071555087,0.9999999,0.9999999,0.0039764433,1.0,1.0,0.00070711895,1,0.99999905
181,12.982973690894339,80.23957427954403,0.999999,0.99999905,0.0002931559,0.9999995,0.9999995,0.004695298,0.9999999,0.9999999,0.0008068945,1.0,1.0,0.00018670109,1,0.999999
182,12.983062866053038,80.24110672382656,0.99999905,0.99999905,3.534324e-05,0.9999995,0.9999995,0.0006321674,0.9999999,0.9999999,1.1591894e-05,1.0,1.0,3.4944194e-05,1,0.99999905
183,12.983130946302548,80.24252181623396,0.9999989,0.9999989,0.0001329116,0.9999995,0.9999995,0.00044556032,0.9999999,0.9999999,3.478612e-05,1.0,1.0,1.4226118e-05,1,0.9999989
184,12.983192157711295,80.24378281627999,0.9999989,0.9999989,0.0002105285,0.9999995,0.9999995,0.00014327522,0.9999999,0.9999999,8.057764e-06,1.0,1.0,8.570651e-06,1,0.9999989
185,12.983022961266869,80.24528432123385,0.9999989,0.9999989,8.1672355e-05,0.9999995,0.9999995,0.00049138605,0.9999999,0.9999999,5.5445034e-05,1.0,1.0,1.3344631e-05,1,0.9999989
186,12.9830347933831,80.24655703250748,0.9999989,0.9999989,0.00034284257,0.9999995,0.9999995,0.0018533337,0.9999999,0.9999999,0.0011566562,1.0,1.0,0.0001815857,1,0.9999989
187,12.982989880535184,80.24788278003659,0.9999989,0.9999989,0.0013076983,0.9999995,0.9999995,3.164384e-05,0.9999999,0.9999999,0.00024970534,1.0,1.0,0.00011675504,1,0.9999989
188,12.983068066125732,80.249480982083,0.9999989,0.9999989,2.678682e-05,0.9999995,0.9999995,8.32115e-05,0.9999999,0.9999999,0.00017710691,1.0,1.0,1.6416434e-05,1,0.9999989
189,12.983146699346575,80.25071097126317,0.9999989,0.9999989,0.0001475007,0.9999995,0.9999995,0.00046996522,0.9999999,0.9999999,0.0001412381,1.0,1.0,1.7338029e-05,1,0.9999989
190,12.983202337402135,80.25214078172321,0.9999989,0.9999989,5.9336147e-05,0.9999995,0.9999995,4.4556215e-05,0.9999999,0.9999999,3.1058848e-05,1.0,1.0,2.544101e-05,1,0.9999989
191,12.983079240809596,80.25358653272498,0.9999989,0.9999989,3.596876e-05,0.9999995,0.9999995,0.00010728876,0.9999999,0.9999999,2.6397029e-05,1.0,1.0,1.6656131e-05,1,0.9999989
192,12.983215944541396,80.25485769464682,0.9999989,0.9999989,7.898109e-05,0.9999995,0.9999995,0.00011905942,0.9999999,0.9999999,1.7966433e-05,1.0,1.0,4.0631558e-06,1,0.9999989
193,12.983206394536477,80.2563350009142,0.9999989,0.9999989,0.002731436,0.9999995,0.9999995,0.009935062,0.9999999,0.9999999,0.003087138,1.0,1.0,0.0015285605,1,0.9999989
194,12.983179267071291,80.25755213647014,0.9999989,0.9999989,0.000879747,0.9999995,0.9999995,0.0006258503,0.9999999,0.9999999,0.00031166914,1.0,1.0,9.9908495e-05,1,0.9999989
195,12.982982910980512,80.25907845059567,0.9999989,0.9999989,5.4381177e-05,0.9999995,0.9999995,0.00014958989,0.9999999,0.9999999,5.984043e-06,1.0,1.0,8.124782e-06,1,0.9999989
196,12.983134952308243,80.26044783208393,0.9999989,0.9999989,0.010010848,0.9999995,0.9999995,0.00070252566,0.9999999,0.9999999,0.0009983522,1.0,1.0,0.000771034,1,0.9999989
197,12.983072489569311,80.26167141916011,0.9999989,0.9999989,0.0015784281,0.9999995,0.9999995,0.0023656199,0.9999999,0.9999999,0.0026633984,1.0,1.0,0.000691985,1,0.9999989
198,12.983029651192606,80.26327918550359,0.9999989,0.9999989,0.0010318557,0.9999995,0.9999995,0.011663318,0.9999999,0.9999999,0.002623211,1.0,1.0,0.00012691399,1,0.9999989
199,12.983069254615636,80.26456060581363,0.9999989,0.9999989,6.4835585e-05,0.9999995,0.9999995,6.0618768e-05,0.9999999,0.9999999,1.830234e-05,1.0,1.0,5.234971e-06,1,0.9999989
200,12.983197567884172,80.26590017101901,0.9999989,0.9999989,0.0014715353,0.9999995,0.9999995,0.0005661346,0.9999999,0.9999999,0.0015827472,1.0,1.0,0.0005732968,1,0.9999989
201,12.982979856740302,80.26741563541579,0.9999989,0.9999989,0.0002209219,0.9999995,0.9999995,0.00010619358,0.9999999,0.9999999,5.3629963e-05,1.0,1.0,2.5566827e-05,1,0.9999989
202,12.983186992460741,80.26885818703346,0.9999989,0.9999989,0.00083471637,0.9999995,0.9999995,0.00012836781,0.9999999,0.9999999,5.457896e-05,1.0,1.0,9.042478e-06,1,0.9999989
203,12.984523058726108,80.22994023413834,0.9999989,0.9999989,3.5543155e-05,0.9999995,0.9999995,1.0226057e-05,0.9999999,0.9999999,2.6993754e-05,1.0,1.0,1.2945255e-06,1,0.9999989
204,12.984566772744474,80.23127402768436,0.9999989,0.9999989,0.0014248014,0.9999995,0.9999995,0.00056310935,0.9999999,0.9999999,0.00093120214,1.0,1.0,0.00083993434,1,0.9999989
205,12.984472725031148,80.23281159015036,0.9999989,0.9999989,0.00030770124,0.9999995,0.9999995,0.0009852515,0.9999999,0.9999999,0.00035335854,1.0,1.0,4.1328643e-05,1,0.9999989
206,12.984539265199134,80.23403537395683,0.999999,0.99999905,0.0005825573,0.99999964,0.99999964,0.00044731592,0.9999999,0.9999999,0.0013350009,1.0,1.0,0.00017260846,1,0.999999
207,12.9843624222219,80.235401263572,0.9999989,0.9999989,6.1723564e-05,0.9999995,0.9999995,7.933769e-05,0.9999999,0.9999999,6.215042e-06,1.0,1.0,1.4136152e-06,1,0.9999989
208,12.984506854457612,80.23681568230552,0.99999905,0.99999905,0.0012543945,0.9999995,0.9999995,0.0005902246,0.9999999,0.9999999,0.00020993288,1.0,1.0,0.00057059026,1,0.99999905
209,12.984542931609903,80.23821382726852,0.99999905,0.99999905,8.43228e-05,0.9999995,0.99999964,0.00087123294,0.9999999,0.9999999,5.0082053e-06,1.0,1.0,2.3147213e-05,1,0.99999905
210,12.984307266271248,80.23972340007785,0.9999989,0.99999905,0.0004170168,0.9999995,0.9999995,4.6860274e-05,0.9999999,0.9999999,8.769256e-05,1.0,1.0,0.00010051534,1,0.9999989
211,12.984311442126401,80.24092627602477,0.999999,0.99999905,0.0004635259,0.9999995,0.9999995,0.00012679206,0.9999999,0.9999999,5.5117365e-05,1.0,1.0,9.583684e-06,1,0.999999
212,12.984513514681336,80.24247524178101,0.9999989,0.9999989,0.0014969957,0.9999995,0.9999995,0.0011177645,0.9999999,0.9999999,0.0028424803,1.0,1.0,0.00016044501,1,0.9999989
213,12.984526430697882,80.24375651801466,0.9999989,0.9999989,8.282296e-05,0.9999995,0.9999995,0.0001957496,0.9999999,0.9999999,7.0176743e-06,1.0,1.0,8.032768e-06,1,0.9999989
214,12.98451337509531,80.24508925172636,0.9999989,0.9999989,0.0016030268,0.9999995,0.9999995,0.00030729006,0.9999999,0.9999999,0.00027466076,1.0,1.0,0.00013272032,1,0.9999989
215,12.984505598742128,80.24671291200248,0.9999989,0.9999989,0.0010553398,0.9999995,0.9999995,0.00016143947,0.9999999,0.9999999,0.00018068198,1.0,1.0,0.00094348675,1,0.9999989
216,12.984523350759615,80.24803227219581,0.9999989,0.9999989,6.258176e-05,0.9999995,0.9999995,2.898523e-05,0.9999999,0.9999999,8.982592e-06,1.0,1.0,1.033903e-06,1,0.9999989
217,12.984351899598654,80.2492331760746,0.9999989,0.9999989,0.00013494924,0.9999995,0.9999995,5.3158998e-05,0.9999999,0.9999999,6.43357e-05,1.0,1.0,1.29528735e-05,1,0.9999989
218,12.984433488409149,80.25063950494578,0.9999989,0.9999989,0.0005356319,0.9999995,0.9999995,0.0004300935,0.9999999,0.9999999,4.7430796e-05,1.0,1.0,0.00018244174,1,0.9999989
219,12.98446730466527,80.2521939383733,0.9999989,0.9999989,0.0009950477,0.9999995,0.9999995,0.0017816923,0.9999999,0.9999999,0.0009737117,1.0,1.0,0.0005009688,1,0.9999989
220,12.984339349530845,80.25360612253397,0.9999989,0.9999989,8.87923e-06,0.9999995,0.9999995,0.00018857553,0.9999999,0.9999999,4.8009797e-06,1.0,1.0,1.2933695e-06,1,0.9999989
221,12.984349544059707,80.2549567814141,0.9999989,0.9999989,3.5430498e-05,0.9999995,0.9999995,0.00016283244,0.9999999,0.9999999,0.00012004968,1.0,1.0,1.1025572e-05,1,0.9999989
222,12.984488835257986,80.25621137077968,0.9999989,0.9999989,0.00035538085,0.9999995,0.9999995,0.002357157,0.9999999,0.9999999,0.000523616,1.0,1.0,7.385034e-05,1,0.9999989
223,12.984462327597734,80.25779046974337,0.9999989,0.9999989,6.1478786e-05,0.9999995,0.9999995,6.584305e-05,0.9999999,0.9999999,6.880444e-06,1.0,1.0,1.9799383e-05,1,0.9999989
224,12.984463611831643,80.25891732439995,0.9999989,0.9999989,0.00022657262,0.9999995,0.9999995,0.00095282926,0.9999999,0.9999999,7.5505486e-05,1.0,1.0,2.9645364e-05,1,0.9999989
225,12.984535792053014,80.26029684687784,0.9999989,0.9999989,0.0009751153,0.9999995,0.9999995,0.00023489041,0.9999999,0.9999999,0.00011205875,1.0,1.0,9.6001066e-05,1,0.9999989
226,12.984344177464905,80.26186426924917,0.9999989,0.9999989,0.00043345132,0.9999995,0.9999995,0.0007712132,0.9999999,0.9999999,0.00019666234,1.0,1.0,4.026595e-05,1,0.9999989
227,12.984346981646308,80.26307626722382,0.9999989,0.9999989,0.016342416,0.9999995,0.9999995,0.023306873,0.9999999,0.9999999,0.0042992,1.0,1.0,0.008381058,1,0.9999989
228,12.984421099706022,80.26470483471044,0.9999989,0.9999989,0.00034326132,0.9999995,0.9999995,0.00023063814,0.9999999,0.9999999,2.0507845e-05,1.0,1.0,3.0365676e-05,1,0.9999989
229,12.984469028478834,80.26603352339288,0.9999989,0.9999989,5.4071217e-05,0.9999995,0.9999995,0.0002006722,0.9999999,0.9999999,6.184104e-05,1.0,1.0,1.5868185e-05,1,0.9999989
230,12.98433663230004,80.2673578638583,0.9999989,0.9999989,0.00012622976,0.9999995,0.9999995,2.1379314e-05,0.9999999,0.9999999,0.00011890446,1.0,1.0,6.193558e-05,1,0.9999989
231,12.984378730497449,80.26884407880645,0.9999989,0.9999989,0.00015273575,0.9999995,0.9999995,9.065915e-05,0.9999999,0.9999999,0.00013049769,1.0,1.0,2.901641e-06,1,0.9999989
232,12.985833572388954,80.23002157773345,0.9999989,0.9999989,0.0009996512,0.9999995,0.9999995,0.012435266,0.9999999,0.9999999,1.4575404e-05,1.0,1.0,0.00013313004,1,0.9999989
233,12.98589847136446,80.23142415721095,0.9999989,0.9999989,0.0006969663,0.9999995,0.9999995,3.9700262e-05,0.9999999,0.9999999,0.00061115134,1.0,1.0,6.5059845e-05,1,0.9999989
234,12.985781985107385,80.23266853209938,0.9999989,0.99999905,0.00015018605,0.9999995,0.9999995,0.00027161915,0.9999999,0.9999999,8.679808e-05,1.0,1.0,0.00014253976,1,0.9999989
235,12.985772772744207,80.2341221066147,0.999999,0.99999905,0.00012098398,0.9999995,0.9999995,0.00025255908,0.9999999,0.9999999,1.5448385e-06,1.0,1.0,1.1901305e-06,1,0.999999
236,12.985681125029616,80.23542621576277,0.99999905,0.99999905,0.00013713642,0.99999964,0.99999964,0.00094219873,0.9999999,0.9999999,3.122505e-05,1.0,1.0,1.1315684e-05,1,0.99999905
237,12.985727103288838,80.23685303498563,0.999999,0.99999905,0.00047013917,0.9999995,0.9999995,0.00011047157,0.9999999,0.9999999,8.3627696e-05,1.0,1.0,6.550893e-06,1,0.999999
238,12.985809644506034,80.23827735662485,0.999999,0.99999905,0.0008820453,0.9999995,0.9999995,4.7854657e-05,0.9999999,0.9999999,3.2917702e-05,1.0,1.0,5.851103e-06,1,0.999999
239,12.985755967722765,80.23971741498261,0.999999,0.99999905,0.00028765606,0.9999995,0.9999995,0.0011664825,0.9999999,0.9999999,0.00079308666,1.0,1.0,5.906954e-05,1,0.999999
240,12.985703636864908,80.24103783408754,0.9999989,0.99999905,5.7382542e-05,0.9999995,0.9999995,0.00023477283,0.9999999,0.9999999,7.042485e-06,1.0,1.0,6.5851923e-06,1,0.9999989
241,12.98573042784172,80.24247036879811,0.9999989,0.9999989,0.00019799048,0.9999995,0.9999995,3.5877372e-05,0.9999999,0.9999999,4.6472393e-05,1.0,1.0,1.1410154e-05,1,0.9999989
242,12.985757743454235,80.24370051320037,0.9999989,0.9999989,0.0076176506,0.9999995,0.9999995,0.00511113,0.9999999,0.9999999,0.0013031028,1.0,1.0,0.0032959282,1,0.9999989
243,12.985705783202002,80.24520455669897,0.9999989,0.9999989,0.0008022443,0.9999995,0.9999995,0.00024434607,0.9999999,0.9999999,0.00029011216,1.0,1.0,0.00019092063,1,0.9999989
244,12.985797459189845,80.24661463397865,0.9999989,0.9999989,4.3761924e-05,0.9999995,0.9999995,1.4544576e-05,0.9999999,0.9999999,2.8134718e-05,1.0,1.0,7.355411e-06,1,0.9999989
245,12.985819605232363,80.2480333456993,0.9999989,0.9999989,0.00026688972,0.9999995,0.9999995,0.00025595768,0.9999999,0.9999999,3.80738e-05,1.0,1.0,0.0002745079,1,0.9999989
246,12.985730205035532,80.24940251885886,0.9999989,0.9999989,0.00013430258,0.9999995,0.9999995,0.00016105468,0.9999999,0.9999999,3.565303e-06,1.0,1.0,3.6648196e-06,1,0.9999989
247,12.985792978184591,80.25082273928183,0.9999989,0.9999989,0.00023492238,0.9999995,0.9999995,0.00012033062,0.9999999,0.9999999,7.6441196e-05,1.0,1.0,2.1885198e-06,1,0.9999989
248,12.985813693625843,80.25210715696343,0.9999989,0.9999989,0.00083796546,0.9999995,0.9999995,0.000107726504,0.9999999,0.9999999,0.0072418517,1.0,1.0,0.00026261844,1,0.9999989
249,12.985783167241635,80.25347046898545,0.9999989,0.9999989,0.0033842798,0.9999995,0.9999995,0.0006563042,0.9999999,0.9999999,0.00013559064,1.0,1.0,6.358338e-05,1,0.9999989
250,12.985883867109257,80.25495735796464,0.9999989,0.9999989,0.0023583786,0.9999995,0.9999995,0.0002849337,0.9999999,0.9999999,8.5528525e-05,1.0,1.0,3.121097e-05,1,0.9999989
251,12.985780713149085,80.25639122808914,0.9999989,0.9999989,0.0019463813,0.9999995,0.9999995,0.0035872702,0.9999999,0.9999999,0.008802585,1.0,1.0,0.0072966395,1,0.9999989
252,12.98586054718221,80.25766326397573,0.9999989,0.9999989,0.0011934033,0.9999995,0.9999995,0.0013850296,0.9999999,0.9999999,0.0005097631,1.0,1.0,0.00042393807,1,0.9999989
253,12.9858706564038,80.25898922058184,0.9999989,0.9999989,4.995169e-05,0.9999995,0.9999995,0.0009810157,0.9999999,0.9999999,6.0163282e-05,1.0,1.0,7.105619e-06,1,0.9999989
254,12.9856762100407,80.26042180170631,0.9999989,0.9999989,0.0004176615,0.9999995,0.9999995,2.1555614e-05,0.9999999,0.9999999,0.000103995575,1.0,1.0,4.937307e-06,1,0.9999989
255,12.985871898996873,80.26168794639679,0.9999989,0.9999989,0.00041533535,0.9999995,0.9999995,0.00014521026,0.9999999,0.9999999,0.00042226736,1.0,1.0,3.0270725e-05,1,0.9999989
256,12.985720610340323,80.26306626812674,0.9999989,0.9999989,0.002167446,0.9999995,0.9999995,0.0019508242,0.9999999,0.9999999,0.00018723115,1.0,1.0,0.00018146988,1,0.9999989
257,12.985691608276648,80.26452619469931,0.9999989,0.9999989,0.0002522,0.9999995,0.9999995,1.8020202e-05,0.9999999,0.9999999,4.3757587e-05,1.0,1.0,7.905603e-06,1,0.9999989
258,12.985845138133332,80.26590348052818,0.9999989,0.9999989,0.0005755198,0.9999995,0.9999995,3.683589e-05,0.9999999,0.9999999,2.7727683e-05,1.0,1.0,1.956206e-05,1,0.9999989
259,12.98586790516292,80.26720360872677,0.9999989,0.9999989,0.0007538387,0.9999995,0.9999995,2.8568911e-05,0.9999999,0.9999999,0.0002511007,1.0,1.0,1.2723538e-05,1,0.9999989
260,12.985745309443015,80.26881933172294,0.9999989,0.9999989,0.00023988284,0.9999995,0.9999995,9.7892e-05,0.9999999,0.9999999,0.00048724088,1.0,1.0,5.413961e-06,1,0.9999989
261,12.987154376681989,80.22990419744598,0.9999989,0.9999989,0.0012256096,0.9999995,0.9999995,0.0043553705,0.9999999,0.9999999,8.922032e-05,1.0,1.0,0.00045203636,1,0.9999989
262,12.987090797528145,80.2312776931602,0.9999989,0.9999989,0.00030080986,0.9999995,0.9999995,0.0017256247,0.9999999,0.9999999,0.0004141856,1.0,1.0,0.00013608008,1,0.9999989
263,12.987260725244145,80.2328925564029,0.9999989,0.99999905,3.1272357e-05,0.9999995,0.9999995,7.9545e-05,0.9999999,0.9999999,2.948796e-06,1.0,1.0,1.467368e-06,1,0.9999989
264,12.987076256245944,80.2342239062889,0.9999989,0.9999989,5.048927e-05,0.9999995,0.9999995,0.00026241053,0.9999999,0.9999999,6.0867056e-05,1.0,1.0,9.229326e-06,1,0.9999989
265,12.987182556512444,80.23558343502523,0.9999989,0.9999989,0.00032720037,0.9999995,0.9999995,1.0702096e-05,0.9999999,0.9999999,6.912765e-05,1.0,1.0,3.2599294e-06,1,0.9999989
266,12.98716516941285,80.23688339373003,0.9999989,0.9999989,6.421236e-06,0.9999995,0.9999995,7.1665105e-05,0.9999999,0.9999999,3.596612e-07,1.0,1.0,3.57157e-07,1,0.9999989
267,12.987048793835418,80.23816197563967,0.9999989,0.9999989,1.0990315e-05,0.9999995,0.9999995,1.1219379e-05,0.9999999,0.9999999,2.7343017e-06,1.0,1.0,4.533584e-07,1,0.9999989
268,12.987036584074097,80.23968711856058,0.9999989,0.9999989,0.011694444,0.9999995,0.9999995,0.0025933303,0.9999999,0.9999999,0.0072942344,1.0,1.0,0.0010686447,1,0.9999989
269,12.987217832633105,80.24097066021129,0.9999989,0.9999989,0.00027184281,0.9999995,0.9999995,0.0006121693,0.9999999,0.9999999,8.394836e-06,1.0,1.0,9.694535e-06,1,0.9999989
270,12.987142284251183,80.24258122808438,0.9999989,0.9999989,0.00022314966,0.9999995,0.9999995,0.00023313398,0.9999999,0.9999999,0.00054019975,1.0,1.0,7.4648226e-05,1,0.9999989
271,12.987259339291507,80.24392260691806,0.9999989,0.9999989,7.54322e-05,0.9999995,0.9999995,0.0013701168,0.9999999,0.9999999,0.0001436729,1.0,1.0,1.2080435e-05,1,0.9999989
272,12.987113253399196,80.24511258481729,0.9999989,0.9999989,8.0446735e-05,0.9999995,0.9999995,0.00031994292,0.9999999,0.9999999,5.7579364e-05,1.0,1.0,3.6944302e-06,1,0.9999989
273,12.987014026935952,80.24656488194341,0.9999989,0.9999989,0.00038167622,0.9999995,0.9999995,0.0008554484,0.9999999,0.9999999,0.000971205,1.0,1.0,0.001204549,1,0.9999989
274,12.987109354750453,80.24804809497198,0.9999989,0.9999989,0.00039064337,0.9999995,0.9999995,0.0012937722,0.9999999,0.9999999,2.5699572e-05,1.0,1.0,1.117757e-05,1,0.9999989
275,12.987033059550981,80.24935187599678,0.9999989,0.9999989,0.00028321118,0.9999995,0.9999995,0.00025830924,0.9999999,0.9999999,2.9681614e-06,1.0,1.0,8.618037e-06,1,0.9999989
276,12.987236912582334,80.25065499405558,0.9999989,0.9999989,0.00012379768,0.9999995,0.9999995,4.310291e-05,0.9999999,0.9999999,1.13546685e-05,1.0,1.0,5.832256e-06,1,0.9999989
277,12.987055206329043,80.25200018569316,0.9999989,0.9999989,0.00093831564,0.9999995,0.9999995,0.00018750777,0.9999999,0.9999999,9.3309216e-05,1.0,1.0,2.3941424e-05,1,0.9999989
278,12.987124559165224,80.2534514963852,0.9999989,0.9999989,0.00024266072,0.9999995,0.9999995,0.00019853248,0.9999999,0.9999999,2.6530268e-05,1.0,1.0,1.4292816e-05,1,0.9999989
279,12.987125392555482,80.25491579942764,0.9999989,0.9999989,0.0005197559,0.9999995,0.9999995,0.001838449,0.9999999,0.9999999,0.00010736978,1.0,1.0,4.9101844e-05,1,0.9999989
280,12.987058120945225,80.25615974958487,0.9999989,0.9999989,0.00025821986,0.9999995,0.9999995,0.00040577177,0.9999999,0.9999999,8.606453e-05,1.0,1.0,4.9446903e-06,1,0.9999989
281,12.987164280102544,80.2577526848489,0.9999989,0.9999989,0.00050847087,0.9999995,0.9999995,0.0004426492,0.9999999,0.9999999,6.6162786e-05,1.0,1.0,0.00010308843,1,0.9999989
282,12.987173069508277,80.25908179030363,0.9999989,0.9999989,0.0007219068,0.9999995,0.9999995,0.00030086102,0.9999999,0.9999999,9.842816e-05,1.0,1.0,3.578012e-05,1,0.9999989
283,12.987008114035685,80.26049613480313,0.9999989,0.9999989,0.0003260406,0.9999995,0.9999995,4.4565815e-05,0.9999999,0.9999999,0.00043268985,1.0,1.0,1.9064284e-05,1,0.9999989
284,12.98713785324343,80.2617694118128,0.9999989,0.9999989,9.271184e-05,0.9999995,0.9999995,0.00015301636,0.9999999,0.9999999,4.5319495e-05,1.0,1.0,3.135667e-05,1,0.9999989
285,12.987220035628813,80.26314450847428,0.9999989,0.9999989,0.00019823424,0.9999995,0.9999995,0.00015220902,0.9999999,0.9999999,5.0233382e-05,1.0,1.0,1.8414185e-05,1,0.9999989
286,12.987199594212042,80.26456725040703,0.9999989,0.9999989,0.00025419146,0.9999995,0.9999995,7.7179706e-05,0.9999999,0.9999999,9.526526e-05,1.0,1.0,2.8018181e-05,1,0.9999989
287,12.987128492135177,80.2660523125024,0.9999989,0.9999989,0.0008890279,0.9999995,0.9999995,0.0011703192,0.9999999,0.9999999,0.010609096,1.0,1.0,0.00026357296,1,0.9999989
288,12.987150680185204,80.26745110863033,0.9999989,0.9999989,0.00043878236,0.9999995,0.9999995,0.0006008155,0.9999999,0.9999999,6.180471e-05,1.0,1.0,8.128298e-05,1,0.9999989
289,12.98708424114147,80.26881759655771,0.9999989,0.9999989,0.00017843684,0.9999995,0.9999995,0.0005072815,0.9999999,0.9999999,9.631859e-05,1.0,1.0,4.1993844e-05,1,0.9999989
290,12.988483132691618,80.22999967279846,0.9999989,0.9999989,0.0006005634,0.9999995,0.9999995,0.00016189448,0.9999999,0.9999999,0.0024339487,1.0,1.0,1.942125e-05,1,0.9999989
291,12.9884473281998,80.23127362946501,0.9999989,0.9999989,0.00016695527,0.9999995,0.9999995,0.00035492817,0.9999999,0.9999999,8.060829e-05,1.0,1.0,3.0276078e-05,1,0.9999989
292,12.988509926043944,80.23288119145474,0.9999989,0.9999989,0.0004032446,0.9999995,0.9999995,0.0033737617,0.9999999,0.9999999,4.786481e-05,1.0,1.0,0.00020033067,1,0.9999989
293,12.988431240289877,80.23405945433194,0.9999989,0.9999989,0.00012273225,0.9999995,0.9999995,0.002158055,0.9999999,0.9999999,1.692995e-05,1.0,1.0,2.7861444e-05,1,0.9999989
294,12.988346610617633,80.23544623589105,0.9999989,0.99999905,0.0022076715,0.9999995,0.9999995,0.0005830816,0.9999999,0.9999999,0.00010986822,1.0,1.0,2.8335447e-05,1,0.9999989
295,12.98846070984413,80.23703263963321,0.9999989,0.9999989,8.186074e-05,0.9999995,0.9999995,0.00013626258,0.9999999,0.9999999,4.422572e-05,1.0,1.0,4.9471888e-05,1,0.9999989
296,12.98850120657337,80.23824406561798,0.9999989,0.9999989,0.00032585484,0.9999995,0.9999995,0.00028682526,0.9999999,0.9999999,0.000535501,1.0,1.0,6.9517766e-05,1,0.9999989
297,12.9884148460582,80.23954391444937,0.9999989,0.99999905,0.010825012,0.9999995,0.9999995,0.0011502833,0.9999999,0.9999999,0.012589887,1.0,1.0,0.004689103,1,0.9999989
298,12.98851071768948,80.24111921683989,0.9999989,0.9999989,0.0023036755,0.9999995,0.9999995,0.00070461625,0.9999999,0.9999999,0.00011655172,1.0,1.0,3.473988e-05,1,0.9999989
299,12.988507103227548,80.24257920159265,0.9999989,0.9999989,0.00049633207,0.9999995,0.9999995,0.000616595,0.9999999,0.9999999,0.0003381139,1.0,1.0,1.6754348e-05,1,0.9999989
300,12.988545121962778,80.24382260682891,0.9999989,0.9999989,0.00043069778,0.9999995,0.9999995,0.00015605905,0.9999999,0.9999999,0.00035005246,1.0,1.0,5.907349e-06,1,0.9999989
301,12.988534143715437,80.2453232620316,0.9999989,0.9999989,0.008916384,0.9999995,0.9999995,9.273547e-05,0.9999999,0.9999999,9.671189e-05,1.0,1.0,0.00014081397,1,0.9999989
302,12.988550666143757,80.24672270718091,0.9999989,0.9999989,0.00034866537,0.9999995,0.9999995,0.00086719374,0.9999999,0.9999999,0.0002759624,1.0,1.0,2.33301e-05,1,0.9999989
303,12.9883706712373,80.2480789253115,0.9999989,0.9999989,0.00015266053,0.9999995,0.9999995,3.5111152e-05,0.9999999,0.9999999,1.1669026e-06,1.0,1.0,1.8310317e-06,1,0.9999989
304,12.988458521927656,80.24942463957589,0.9999989,0.9999989,0.0005738277,0.9999995,0.9999995,3.702921e-05,0.9999999,0.9999999,1.6134145e-05,1.0,1.0,0.00012652265,1,0.9999989
305,12.988516197199832,80.25075792953281,0.9999989,0.9999989,3.3962417e-05,0.9999995,0.9999995,2.7947517e-05,0.9999999,0.9999999,1.4829619e-05,1.0,1.0,5.6927533e-06,1,0.9999989
306,12.988605258196584,80.25225606493382,0.9999989,0.9999989,0.00011254914,0.9999995,0.9999995,0.0007691448,0.9999999,0.9999999,0.002283097,1.0,1.0,0.000120098004,1,0.9999989
307,12.988537662638555,80.25345043679692,0.9999989,0.9999989,0.00013478953,0.9999995,0.9999995,0.00025736113,0.9999999,0.9999999,3.5397396e-05,1.0,1.0,1.0356484e-05,1,0.9999989
308,12.988433298471437,80.25496103030662,0.9999989,0.9999989,0.00019402489,0.9999995,0.9999995,0.00048348587,0.9999999,0.9999999,7.639041e-05,1.0,1.0,3.6889847e-05,1,0.9999989
309,12.988350955882225,80.25617074473135,0.9999989,0.9999989,0.0010096902,0.9999995,0.9999995,0.0001795537,0.9999999,0.9999999,8.6900334e-05,1.0,1.0,0.0001412266,1,0.9999989
310,12.988471891773763,80.2577343629633,0.9999989,0.9999989,8.583544e-05,0.9999995,0.9999995,0.00027340237,0.9999999,0.9999999,2.184278e-06,1.0,1.0,4.178483e-06,1,0.9999989
311,12.988465228204156,80.25917482820341,0.9999989,0.9999989,0.00013154936,0.9999995,0.9999995,0.00011116453,0.9999999,0.9999999,2.1846443e-05,1.0,1.0,3.5031135e-05,1,0.9999989
312,12.988450837945264,80.26055560262532,0.9999989,0.9999989,0.00019848526,0.9999995,0.9999995,0.0017676192,0.9999999,0.9999999,4.9677947e-05,1.0,1.0,4.967472e-05,1,0.9999989
313,12.988362779178676,80.26188753040726,0.9999989,0.9999989,4.653472e-05,0.9999995,0.9999995,0.00025891062,0.9999999,0.9999999,0.00031867548,1.0,1.0,1.1782723e-05,1,0.9999989
314,12.988556070729523,80.2632045270342,0.9999989,0.9999989,8.9924346e-05,0.9999995,0.9999995,0.00020313104,0.9999999,0.9999999,3.778698e-05,1.0,1.0,3.463194e-05,1,0.9999989
315,12.988561601623422,80.26468953297037,0.9999989,0.9999989,4.1213923e-05,0.9999995,0.9999995,5.840138e-05,0.9999999,0.9999999,9.623584e-05,1.0,1.0,4.87716e-06,1,0.9999989
316,12.988440361752067,80.26582689021532,0.9999989,0.9999989,2.5541216e-05,0.9999995,0.9999995,0.0006585338,0.9999999,0.9999999,2.1487192e-06,1.0,1.0,5.826739e-06,1,0.9999989
317,12.988369371799624,80.26721301665248,0.9999989,0.9999989,0.0002622494,0.9999995,0.9999995,7.1127775e-05,0.9999999,0.9999999,5.736125e-05,1.0,1.0,0.00015513983,1,0.9999989
318,12.988532139291145,80.26876920432419,0.9999989,0.9999989,0.0025037315,0.9999995,0.9999995,8.458598e-05,0.9999999,0.9999999,2.511287e-05,1.0,1.0,4.5890363e-05,1,0.9999989
319,12.989920622497687,80.2300757047258,0.9999989,0.9999989,0.020177225,0.9999995,0.9999995,0.04264851,0.9999999,0.9999999,0.012487913,1.0,1.0,0.014287299,1,0.9999989
320,12.989903217281388,80.23144910395047,0.9999989,0.9999989,7.5052994e-05,0.9999995,0.9999995,9.5591844e-05,0.9999999,0.9999999,0.00042886185,1.0,1.0,8.6163156e-05,1,0.9999989
321,12.989750593375083,80.23264101956825,0.9999989,0.9999989,0.0010720132,0.9999995,0.9999995,0.00020274101,0.9999999,0.9999999,0.0001194498,1.0,1.0,0.00016137885,1,0.9999989
322,12.989918646776317,80.23418236252039,0.9999989,0.9999989,0.0006928929,0.9999995,0.9999995,0.0001655749,0.9999999,0.9999999,0.0010049762,1.0,1.0,0.00014682482,1,0.9999989
323,12.989826076897812,80.23539448761815,0.9999989,0.9999989,0.0026468635,0.9999995,0.9999995,0.0003639698,0.9999999,0.9999999,0.0005838948,1.0,1.0,3.6158734e-05,1,0.9999989
324,12.989695366678717,80.23696344762823,0.9999989,0.9999989,0.000111406094,0.9999995,0.9999995,0.0002671161,0.9999999,0.9999999,0.00050034194,1.0,1.0,5.674386e-06,1,0.9999989
325,12.989928755357909,80.23827001416535,0.9999989,0.9999989,0.00036794122,0.9999995,0.9999995,3.5078356e-05,0.9999999,0.9999999,4.5756555e-05,1.0,1.0,4.2274543e-05,1,0.9999989
326,12.989751435060203,80.2397276438049,0.9999989,0.9999989,0.00028735463,0.9999995,0.9999995,5.067406e-05,0.9999999,0.9999999,0.00026725748,1.0,1.0,8.958219e-05,1,0.9999989
327,12.989781179866181,80.2411606335342,0.9999989,0.9999989,0.00078501884,0.9999995,0.9999995,3.8637314e-05,0.9999999,0.9999999,0.0017503593,1.0,1.0,0.00033380603,1,0.9999989
328,12.989767951037859,80.24254367221427,0.9999989,0.9999989,0.0009706748,0.9999995,0.9999995,0.0012016175,0.9999999,0.9999999,0.0005219986,1.0,1.0,5.865239e-05,1,0.9999989
329,12.98979436042071,80.24385380864169,0.9999989,0.9999989,0.00014229535,0.9999995,0.9999995,5.6759764e-05,0.9999999,0.9999999,0.00031518214,1.0,1.0,2.321909e-05,1,0.9999989
330,12.989926309080722,80.24514943288113,0.9999989,0.9999989,4.045353e-05,0.9999995,0.9999995,2.6261827e-05,0.9999999,0.9999999,4.157691e-05,1.0,1.0,8.051247e-06,1,0.9999989
331,12.989710243871164,80.24650818954663,0.9999989,0.9999989,9.71887e-05,0.9999995,0.9999995,1.8942686e-05,0.9999999,0.9999999,0.00010076886,1.0,1.0,0.000106638894,1,0.9999989
332,12.989880786690893,80.24793375732608,0.9999989,0.9999989,1.135277e-05,0.9999995,0.9999995,7.214083e-06,0.9999999,0.9999999,3.0886845e-06,1.0,1.0,4.6242562e-06,1,0.9999989
333,12.989956542410194,80.24944538782502,0.9999989,0.9999989,0.0001414352,0.9999995,0.9999995,0.00010181907,0.9999999,0.9999999,5.1707448e-06,1.0,1.0,3.748494e-06,1,0.9999989
334,12.989797325355147,80.25068692078315,0.9999989,0.9999989,0.00018623586,0.9999995,0.9999995,5.0064053e-05,0.9999999,0.9999999,3.7350314e-05,1.0,1.0,1.5342843e-05,1,0.9999989
335,12.989842311874682,80.25202567836047,0.9999989,0.9999989,3.7077207e-05,0.9999995,0.9999995,3.830331e-06,0.9999999,0.9999999,8.212052e-05,1.0,1.0,1.2399872e-05,1,0.9999989
336,12.989876270484231,80.25364662687784,0.9999989,0.9999989,0.0005813823,0.9999995,0.9999995,0.00029251975,0.9999999,0.9999999,0.0003380952,1.0,1.0,0.00013976399,1,0.9999989
337,12.98979312857338,80.25491822435896,0.9999989,0.9999989,0.000108629385,0.9999995,0.9999995,3.6481888e-05,0.9999999,0.9999999,0.00016892276,1.0,1.0,8.728399e-06,1,0.9999989
338,12.989821303430514,80.25638963544043,0.9999989,0.9999989,7.717094e-05,0.9999995,0.9999995,0.0005620173,0.9999999,0.9999999,6.2641404e-05,1.0,1.0,1.9836605e-05,1,0.9999989
339,12.98978585477809,80.25755653081154,0.9999989,0.9999989,0.0006720484,0.9999995,0.9999995,0.0003660548,0.9999999,0.9999999,2.2293292e-05,1.0,1.0,1.7434075e-05,1,0.9999989
340,12.989741819719113,80.25892082761656,0.9999989,0.9999989,0.008137605,0.9999995,0.9999995,0.011086314,0.9999999,0.9999999,0.0058516045,1.0,1.0,0.0010680546,1,0.9999989
341,12.98980954363543,80.26029002047855,0.9999989,0.9999989,0.0002346051,0.9999995,0.9999995,0.0002957906,0.9999999,0.9999999,0.0005566676,1.0,1.0,0.00019149302,1,0.9999989
342,12.989779902747685,80.26184351549144,0.9999989,0.9999989,0.0002767108,0.9999995,0.9999995,7.9940604e-05,0.9999999,0.9999999,4.0072176e-05,1.0,1.0,6.9581884e-06,1,0.9999989
343,12.989945888233796,80.26316716708897,0.9999989,0.9999989,6.9210226e-05,0.9999995,0.9999995,3.1987263e-05,0.9999999,0.9999999,1.2829035e-05,1.0,1.0,5.893545e-05,1,0.9999989
344,12.989833144979421,80.26464175753702,0.9999989,0.9999989,0.00013671142,0.9999995,0.9999995,1.829836e-05,0.9999999,0.9999999,0.00049051584,1.0,1.0,7.2497323e-06,1,0.9999989
345,12.989929122385591,80.26589536231607,0.9999989,0.9999989,0.00021022634,0.9999995,0.9999995,0.0025559103,0.9999999,0.9999999,0.00023762869,1.0,1.0,0.00011881685,1,0.9999989
346,12.98977506541427,80.26726457014904,0.9999989,0.9999989,0.0065332227,0.9999995,0.9999995,0.001982313,0.9999999,0.9999999,0.0023304722,1.0,1.0,0.00079414994,1,0.9999989
347,12.98983009577488,80.26883385663648,0.9999989,0.9999989,7.749701e-05,0.9999995,0.9999995,0.0021125195,0.9999999,0.9999999,4.0964544e-05,1.0,1.0,2.749548e-05,1,0.9999989
348,12.991194056268649,80.23006701946574,0.9999989,0.9999989,0.00011390922,0.9999995,0.9999995,3.1341562e-05,0.9999999,0.9999999,0.000107473476,1.0,1.0,8.533526e-05,1,0.9999989
349,12.99111553628051,80.23142532050686,0.9999989,0.9999989,0.00031329214,0.9999995,0.9999995,0.00090129557,0.9999999,0.9999999,9.524854e-05,1.0,1.0,1.553432e-05,1,0.9999989
350,12.991121764017391,80.232694235209,0.9999989,0.9999989,0.0016616932,0.9999995,0.9999995,0.002579435,0.9999999,0.9999999,0.004137595,1.0,1.0,0.000228625,1,0.9999989
351,12.991270476383038,80.23405335166498,0.9999989,0.9999989,4.6057747e-05,0.9999995,0.9999995,5.3218486e-05,0.9999999,0.9999999,0.00013693179,1.0,1.0,7.792831e-06,1,0.9999989
352,12.991186172132892,80.2354715824525,0.9999989,0.9999989,6.389632e-05,0.9999995,0.9999995,0.0012271947,0.9999999,0.9999999,5.125529e-06,1.0,1.0,2.4120773e-05,1,0.9999989
353,12.991246089860603,80.23699516737169,0.9999989,0.9999989,0.0040967166,0.9999995,0.9999995,0.0018267928,0.9999999,0.9999999,0.00028529466,1.0,1.0,0.00022038487,1,0.9999989
354,12.991163202652341,80.23828025598938,0.9999989,0.9999989,0.0002525279,0.9999995,0.9999995,0.0006181933,0.9999999,0.9999999,1.9039908e-05,1.0,1.0,1.6242791e-05,1,0.9999989
355,12.991216654009255,80.23981700263366,0.9999989,0.9999989,2.0200048e-05,0.9999995,0.9999995,0.00012475456,0.9999999,0.9999999,1.5127292e-05,1.0,1.0,1.6679886e-06,1,0.9999989
356,12.991278086768574,80.24115008416102,0.9999989,0.9999989,0.00022285094,0.9999995,0.9999995,3.992556e-05,0.9999999,0.9999999,2.0894691e-05,1.0,1.0,1.402588e-05,1,0.9999989
357,12.991084759076083,80.24252548596799,0.9999989,0.9999989,3.2933513e-05,0.9999995,0.9999995,4.336462e-05,0.9999999,0.9999999,3.4723307e-05,1.0,1.0,2.841842e-06,1,0.9999989
358,12.991062314271653,80.24384602314498,0.9999989,0.9999989,0.00021639111,0.9999995,0.9999995,2.6057884e-05,0.9999999,0.9999999,3.326932e-05,1.0,1.0,0.00010940265,1,0.9999989
359,12.991292314793807,80.24525400567104,0.9999989,0.9999989,1.4021374e-05,0.9999995,0.9999995,4.0760777e-05,0.9999999,0.9999999,8.236525e-06,1.0,1.0,2.9555288e-06,1,0.9999989
360,12.99115153768224,80.2465981152031,0.9999989,0.9999989,0.0006517487,0.9999995,0.9999995,2.961442e-05,0.9999999,0.9999999,0.00025044024,1.0,1.0,5.262859e-05,1,0.9999989
361,12.991293507327264,80.24784910161345,0.9999989,0.9999989,0.00095417997,0.9999995,0.9999995,0.0002516347,0.9999999,0.9999999,0.000465073,1.0,1.0,0.00013586285,1,0.9999989
362,12.991045925016172,80.24925055929457,0.9999989,0.9999989,4.3824824e-05,0.9999995,0.9999995,2.2220982e-05,0.9999999,0.9999999,1.6566146e-05,1.0,1.0,7.497504e-06,1,0.9999989
363,12.991052514489926,80.25067301024167,0.9999989,0.9999989,0.00012934406,0.9999995,0.9999995,0.00034475222,0.9999999,0.9999999,0.0001919558,1.0,1.0,2.5026733e-05,1,0.9999989
364,12.991173936705342,80.25211371173043,0.9999989,0.9999989,0.00062517443,0.9999995,0.9999995,0.00088451663,0.9999999,0.9999999,7.589487e-05,1.0,1.0,4.3897613e-05,1,0.9999989
365,12.991048587984892,80.25345716914164,0.9999989,0.9999989,0.000109993525,0.9999995,0.9999995,3.525155e-05,0.9999999,0.9999999,2.3112363e-05,1.0,1.0,9.998294e-07,1,0.9999989
366,12.991138475847473,80.25478446848332,0.9999989,0.9999989,9.911401e-05,0.9999995,0.9999995,0.0005336218,0.9999999,0.9999999,2.3571552e-05,1.0,1.0,1.905098e-05,1,0.9999989
367,12.991223011963433,80.25615322600562,0.9999989,0.9999989,0.00014208032,0.9999995,0.9999995,9.8742676e-05,0.9999999,0.9999999,2.993824e-05,1.0,1.0,1.344075e-05,1,0.9999989
368,12.991116260753364,80.25757662510236,0.9999989,0.9999989,0.00025551743,0.9999995,0.9999995,0.00044200046,0.9999999,0.9999999,3.9145438e-05,1.0,1.0,2.1248981e-05,1,0.9999989
369,12.991147128000296,80.25901125684317,0.9999989,0.9999989,2.6196507e-05,0.9999995,0.9999995,6.765783e-06,0.9999999,0.9999999,2.0914351e-06,1.0,1.0,4.867723e-07,1,0.9999989
370,12.991065056693595,80.26028559302064,0.9999989,0.9999989,0.0010429432,0.9999995,0.9999995,0.019249208,0.9999999,0.9999999,0.00028098706,1.0,1.0,9.8488825e-05,1,0.9999989
371,12.991035186775749,80.26190663698371,0.9999989,0.9999989,0.0014367814,0.9999995,0.9999995,0.000119489334,0.9999999,0.9999999,0.0027529837,1.0,1.0,0.0001315866,1,0.9999989
372,12.991166772010386,80.2631914465242,0.9999989,0.9999989,0.00023502392,0.9999995,0.9999995,0.0046474487,0.9999999,0.9999999,4.9913437e-05,1.0,1.0,0.0006747864,1,0.9999989
373,12.991151094238282,80.26452590819933,0.9999989,0.9999989,0.0002464147,0.9999995,0.9999995,0.00019015286,0.9999999,0.9999999,5.152472e-06,1.0,1.0,1.9162586e-05,1,0.9999989
374,12.99126155328052,80.26603255542723,0.9999989,0.9999989,1.5394278e-05,0.9999995,0.9999995,3.41427e-06,0.9999999,0.9999999,8.190212e-06,1.0,1.0,1.1125827e-06,1,0.9999989
375,12.991121763503683,80.26727155410181,0.9999989,0.9999989,4.0926345e-05,0.9999995,0.9999995,2.2305705e-06,0.9999999,0.9999999,3.3908318e-06,1.0,1.0,1.9055832e-07,1,0.9999989
376,12.991164174470153,80.26864949568828,0.9999989,0.9999989,0.000649256,0.9999995,0.9999995,0.005698507,0.9999999,0.9999999,0.00015958368,1.0,1.0,6.60542e-05,1,0.9999989
377,12.992443833868712,80.23005068496681,0.9999989,0.9999989,0.00015118293,0.9999995,0.9999995,0.0006968128,0.9999999,0.9999999,0.0005403605,1.0,1.0,6.0017464e-05,1,0.9999989
378,12.992633053705791,80.23133606829091,0.9999989,0.9999989,0.0006773063,0.9999995,0.9999995,0.02437522,0.9999999,0.9999999,0.00017150803,1.0,1.0,0.00032672883,1,0.9999989
379,12.99250649558173,80.23264091048092,0.9999989,0.9999989,0.00028954467,0.9999995,0.9999995,0.00013082553,0.9999999,0.9999999,0.013803763,1.0,1.0,0.0003440352,1,0.9999989
380,12.992422867592058,80.23420716044926,0.9999989,0.9999989,0.00049811666,0.9999995,0.9999995,0.00013598529,0.9999999,0.9999999,0.00019849764,1.0,1.0,4.182497e-05,1,0.9999989
381,12.992419566665022,80.23540634553272,0.9999989,0.9999989,0.002145119,0.9999995,0.9999995,0.00010164308,0.9999999,0.9999999,0.0012632061,1.0,1.0,8.826899e-05,1,0.9999989
382,12.992384816685732,80.23703025076814,0.9999989,0.9999989,0.00025825622,0.9999995,0.9999995,6.517211e-05,0.9999999,0.9999999,4.252182e-05,1.0,1.0,2.807778e-05,1,0.9999989
383,12.992390751934856,80.23821109406911,0.9999989,0.9999989,0.00015217613,0.9999995,0.9999995,2.1114955e-05,0.9999999,0.9999999,6.770492e-05,1.0,1.0,2.11197e-05,1,0.9999989
384,12.992549447346388,80.23957248896015,0.9999989,0.9999989,0.00045590752,0.9999995,0.9999995,6.787414e-05,0.9999999,0.9999999,0.00024558173,1.0,1.0,5.0326125e-05,1,0.9999989
385,12.992535720099838,80.2409916059189,0.9999989,0.9999989,9.590185e-05,0.9999995,0.9999995,0.0021411357,0.9999999,0.9999999,7.862446e-05,1.0,1.0,2.8237342e-05,1,0.9999989
386,12.99261123841173,80.24247089128839,0.9999989,0.9999989,0.00034744325,0.9999995,0.9999995,0.00020864271,0.9999999,0.9999999,0.00034756752,1.0,1.0,0.0009782631,1,0.9999989
387,12.992612298632602,80.24369185125347,0.9999989,0.9999989,0.00048159694,0.9999995,0.9999995,0.00014646405,0.9999999,0.9999999,0.0019083356,1.0,1.0,8.546075e-05,1,0.9999989
388,12.992426179523754,80.24524465654237,0.9999989,0.9999989,0.0005705477,0.9999995,0.9999995,0.0017076151,0.9999999,0.9999999,0.00012904083,1.0,1.0,0.00016456778,1,0.9999989
389,12.992612870519716,80.24667008189738,0.9999989,0.9999989,0.0006409154,0.9999995,0.9999995,0.0008289485,0.9999999,0.9999999,2.3766697e-05,1.0,1.0,2.309781e-05,1,0.9999989
390,12.992629930025405,80.24790951166901,0.9999989,0.9999989,6.9928894e-05,0.9999995,0.9999995,0.00015846177,0.9999999,0.9999999,0.0007119441,1.0,1.0,8.905038e-06,1,0.9999989
391,12.992544940115263,80.2493477634405,0.9999989,0.9999989,0.0020395196,0.9999995,0.9999995,0.005142404,0.9999999,0.9999999,0.00028369596,1.0,1.0,0.001199688,1,0.9999989
392,12.992479752805968,80.25087728496815,0.9999989,0.9999989,2.1723949e-05,0.9999995,0.9999995,2.8404702e-05,0.9999999,0.9999999,6.0719644e-06,1.0,1.0,2.8870145e-06,1,0.9999989
393,12.992468127681782,80.25221273761905,0.9999989,0.9999989,0.002642753,0.9999995,0.9999995,9.828077e-05,0.9999999,0.9999999,0.00058221247,1.0,1.0,0.00025813445,1,0.9999989
394,12.992544215033838,80.2535917633488,0.9999989,0.9999989,0.0003190868,0.9999995,0.9999995,0.00012418341,0.9999999,0.9999999,3.0250529e-05,1.0,1.0,6.253687e-05,1,0.9999989
395,12.992493898516123,80.25481344135167,0.9999989,0.9999989,0.00013196029,0.9999995,0.9999995,0.00032219998,0.9999999,0.9999999,3.889084e-05,1.0,1.0,2.4835283e-05,1,0.9999989
396,12.992403370928795,80.2562243358269,0.9999989,0.9999989,0.00042846962,0.9999995,0.9999995,0.00016417133,0.9999999,0.9999999,7.6967204e-05,1.0,1.0,2.430612e-05,1,0.9999989
397,12.992475694930501,80.25752761967058,0.9999989,0.9999989,1.652556e-05,0.9999995,0.9999995,0.0004387484,0.9999999,0.9999999,6.2824747e-06,1.0,1.0,1.3831415e-06,1,0.9999989
398,12.992426919086673,80.2589075152893,0.9999989,0.9999989,2.908551e-05,0.9999995,0.9999995,4.6266145e-05,0.9999999,0.9999999,1.9173976e-05,1.0,1.0,1.6286018e-06,1,0.9999989
399,12.992573147117064,80.26048570241863,0.9999989,0.9999989,0.00051550823,0.9999995,0.9999995,0.0007652549,0.9999999,0.9999999,2.7698781e-05,1.0,1.0,2.4860241e-05,1,0.9999989
400,12.99246779190743,80.26187229055071,0.9999989,0.9999989,0.008318884,0.9999995,0.9999995,0.00028450636,0.9999999,0.9999999,0.0007182125,1.0,1.0,0.0014194624,1,0.9999989
401,12.992542354621289,80.26329705786617,0.9999989,0.9999989,0.00054953335,0.9999995,0.9999995,0.00021994433,0.9999999,0.9999999,0.00036229694,1.0,1.0,1.6409462e-05,1,0.9999989
402,12.992421052459978,80.26446863809346,0.9999989,0.9999989,0.00062962703,0.9999995,0.9999995,0.000771092,0.9999999,0.9999999,0.00011985648,1.0,1.0,0.000100593395,1,0.9999989
403,12.992428928477311,80.26600835893004,0.9999989,0.9999989,2.7878747e-05,0.9999995,0.9999995,0.00012067724,0.9999999,0.9999999,0.00011946181,1.0,1.0,1.0341553e-05,1,0.9999989
404,12.992649597864526,80.26733985306846,0.9999989,0.9999989,7.8686564e-05,0.9999995,0.9999995,0.0001497808,0.9999999,0.9999999,3.5913883e-06,1.0,1.0,4.4537073e-06,1,0.9999989
405,12.992386789382483,80.26858353902361,0.9999989,0.9999989,0.00031897737,0.9999995,0.9999995,0.00037087305,0.9999999,0.9999999,0.0012674363,1.0,1.0,3.203027e-05,1,0.9999989
406,12.993887344277985,80.2301363756392,0.9999989,0.9999989,2.6968537e-05,0.9999995,0.9999995,2.0834004e-05,0.9999999,0.9999999,4.2329135e-05,1.0,1.0,3.280331e-06,1,0.9999989
407,12.993971604976588,80.23127969486085,0.9999989,0.9999989,0.0004563697,0.9999995,0.9999995,0.00015166099,0.9999999,0.9999999,0.00023631625,1.0,1.0,6.0835173e-05,1,0.9999989
408,12.993874290445513,80.23287096991167,0.9999989,0.9999989,0.0001416862,0.9999995,0.9999995,9.526851e-05,0.9999999,0.9999999,0.00044972976,1.0,1.0,1.5409949e-05,1,0.9999989
409,12.99380341013067,80.23418233327422,0.9999989,0.9999989,1.6136413e-05,0.9999995,0.9999995,4.7302678e-05,0.9999999,0.9999999,0.00025108492,1.0,1.0,1.29093605e-05,1,0.9999989
410,12.99389002001678,80.23540721555308,0.9999989,0.9999989,5.8969705e-05,0.9999995,0.9999995,0.00017505947,0.9999999,0.9999999,1.39623e-05,1.0,1.0,1.1188391e-05,1,0.9999989
411,12.993908629459225,80.2368576481852,0.9999989,0.9999989,0.0013421344,0.9999995,0.9999995,0.0001383418,0.9999999,0.9999999,0.00031693757,1.0,1.0,0.00034319874,1,0.9999989
412,12.993734682144437,80.23839029444177,0.9999989,0.9999989,9.662221e-05,0.9999995,0.9999995,6.701072e-05,0.9999999,0.9999999,0.00018313003,1.0,1.0,4.720332e-06,1,0.9999989
413,12.993792116566581,80.23970665191085,0.9999989,0.9999989,0.000456005,0.9999995,0.9999995,0.000115439885,0.9999999,0.9999999,0.0009792408,1.0,1.0,0.0007183518,1,0.9999989
414,12.993798148896856,80.24116647133756,0.9999989,0.9999989,0.00022275804,0.9999995,0.9999995,0.0007882884,0.9999999,0.9999999,5.3944248e-05,1.0,1.0,7.926484e-06,1,0.9999989
415,12.993878963575312,80.24247658178217,0.9999989,0.9999989,0.00040403724,0.9999995,0.9999995,0.0008444013,0.9999999,0.9999999,2.7789652e-05,1.0,1.0,9.600023e-05,1,0.9999989
416,12.993912402289878,80.24380011026449,0.9999989,0.9999989,0.00011899739,0.9999995,0.9999995,0.0001734678,0.9999999,0.9999999,5.8110032e-05,1.0,1.0,1.7491238e-05,1,0.9999989
417,12.993882573965692,80.24527415358452,0.9999989,0.9999989,0.00011696015,0.9999995,0.9999995,0.00020138406,0.9999999,0.9999999,7.193273e-06,1.0,1.0,7.977275e-06,1,0.9999989
418,12.993994812363287,80.24666606734681,0.9999989,0.9999989,8.073474e-05,0.9999995,0.9999995,0.0012273666,0.9999999,0.9999999,0.00024465157,1.0,1.0,1.1781035e-05,1,0.9999989
419,12.993868464710363,80.24795514926467,0.9999989,0.9999989,0.00023964001,0.9999995,0.9999995,0.00035882613,0.9999999,0.9999999,0.0003644988,1.0,1.0,6.3888315e-06,1,0.9999989
420,12.993944312402897,80.24922552004213,0.9999989,0.9999989,0.00042840475,0.9999995,0.9999995,1.755331e-05,0.9999999,0.9999999,3.1062395e-05,1.0,1.0,8.076048e-06,1,0.9999989
421,12.99383973089213,80.25074883742805,0.9999989,0.9999989,0.0010724575,0.9999995,0.9999995,0.0052941586,0.9999999,0.9999999,0.0003618875,1.0,1.0,3.120765e-05,1,0.9999989
422,12.993969544490222,80.25201385490185,0.9999989,0.9999989,0.00018783257,0.9999995,0.9999995,0.0007429434,0.9999999,0.9999999,0.00019628559,1.0,1.0,7.4423275e-05,1,0.9999989
423,12.993913739201828,80.25347996936429,0.9999989,0.9999989,0.0020953456,0.9999995,0.9999995,0.00044411307,0.9999999,0.9999999,8.464887e-05,1.0,1.0,2.443057e-05,1,0.9999989
424,12.99398891923183,80.25479491582783,0.9999989,0.9999989,0.0006988985,0.9999995,0.9999995,0.004514708,0.9999999,0.9999999,4.502753e-05,1.0,1.0,8.2615734e-05,1,0.9999989
425,12.993783563239203,80.25618583806397,0.9999989,0.9999989,0.0005097914,0.9999995,0.9999995,5.6765207e-06,0.9999999,0.9999999,0.00036691068,1.0,1.0,4.4768723e-05,1,0.9999989
426,12.993975722981723,80.25775694260011,0.9999989,0.9999989,0.00030539473,0.9999995,0.9999995,0.0002507364,0.9999999,0.9999999,2.4684747e-05,1.0,1.0,6.898338e-05,1,0.9999989
427,12.993856396214934,80.25896092589105,0.9999989,0.9999989,0.000101811354,0.9999995,0.9999995,0.0029764378,0.9999999,0.9999999,9.582638e-05,1.0,1.0,3.495662e-06,1,0.9999989
428,12.993966501724897,80.26048800120789,0.9999989,0.9999989,0.00016761328,0.9999995,0.9999995,2.115446e-05,0.9999999,0.9999999,1.1448501e-05,1.0,1.0,3.084879e-05,1,0.9999989
429,12.993869121313391,80.26177285361732,0.9999989,0.9999989,0.0003828652,0.9999995,0.9999995,0.00012807753,0.9999999,0.9999999,1.4574331e-05,1.0,1.0,4.7151957e-06,1,0.9999989
430,12.993926824284053,80.26325604071917,0.9999989,0.9999989,3.1957876e-05,0.9999995,0.9999995,5.793175e-05,0.9999999,0.9999999,4.4889723e-05,1.0,1.0,2.5067914e-06,1,0.9999989
431,12.993883381374062,80.2646503305831,0.9999989,0.9999989,0.0012509165,0.9999995,0.9999995,0.00013660682,0.9999999,0.9999999,8.764094e-05,1.0,1.0,0.00013281869,1,0.9999989
432,12.9939734027913,80.26584559906262,0.9999989,0.9999989,0.0018408719,0.9999995,0.9999995,0.00014341307,0.9999999,0.9999999,0.0058672903,1.0,1.0,0.0020138372,1,0.9999989
433,12.993944869952172,80.26743894487478,0.9999989,0.9999989,0.00015150994,0.9999995,0.9999995,0.00016271917,0.9999999,0.9999999,6.6102846e-05,1.0,1.0,7.2215826e-06,1,0.9999989
434,12.99378487173027,80.26861005023483,0.9999989,0.9999989,0.0005583325,0.9999995,0.9999995,1.1023908e-05,0.9999999,0.9999999,0.0019531269,1.0,1.0,7.6081305e-06,1,0.9999989
435,12.995083490862728,80.23006737415186,0.9999989,0.9999989,0.00022489778,0.9999995,0.9999995,0.0006851377,0.9999999,0.9999999,2.632134e-05,1.0,1.0,0.00023986271,1,0.9999989
436,12.995178892745347,80.23151542512007,0.9999989,0.9999989,6.2010964e-05,0.9999995,0.9999995,1.6279582e-05,0.9999999,0.9999999,7.7018385e-06,1.0,1.0,1.2641244e-06,1,0.9999989
437,12.995316449269277,80.23282642234233,0.9999989,0.9999989,0.002106946,0.9999995,0.9999995,0.0024551984,0.9999999,0.9999999,0.0014623818,1.0,1.0,0.00070513226,1,0.9999989
438,12.995163258845304,80.2341195055497,0.9999989,0.9999989,0.00016501125,0.9999995,0.9999995,0.00025174,0.9999999,0.9999999,9.053519e-05,1.0,1.0,1.1570582e-05,1,0.9999989
439,12.995233827535158,80.23556160651859,0.9999989,0.99999905,0.00036722986,0.9999995,0.9999995,0.00014950712,0.9999999,0.9999999,4.7122445e-05,1.0,1.0,6.780728e-05,1,0.9999989
440,12.995239429057468,80.23688928433579,0.9999989,0.9999989,4.000545e-05,0.9999995,0.9999995,0.016192082,0.9999999,0.9999999,1.6871178e-05,1.0,1.0,2.9245452e-05,1,0.9999989
441,12.995203280701581,80.23841771318928,0.9999989,0.9999989,0.00019198343,0.9999995,0.9999995,0.0003365471,0.9999999,0.9999999,2.4895307e-05,1.0,1.0,2.4673012e-05,1,0.9999989
442,12.99517890926597,80.23959630571845,0.9999989,0.9999989,0.0001317229,0.9999995,0.9999995,0.0012509105,0.9999999,0.9999999,5.7416783e-05,1.0,1.0,5.5764252e-05,1,0.9999989
443,12.995112587682286,80.24103377501481,0.9999989,0.9999989,0.00046427365,0.9999995,0.9999995,0.0011902269,0.9999999,0.9999999,0.0005690104,1.0,1.0,0.00031417393,1,0.9999989
444,12.995261739689212,80.24235270351753,0.9999989,0.9999989,0.00263433,0.9999995,0.9999995,0.00015593224,0.9999999,0.9999999,0.00012832439,1.0,1.0,2.284584e-05,1,0.9999989
445,12.995334593529977,80.24378443148598,0.9999989,0.9999989,0.0021476008,0.9999995,0.9999995,0.0028444303,0.9999999,0.9999999,0.0009404117,1.0,1.0,0.0037419915,1,0.9999989
446,12.995103914257585,80.24514079586375,0.9999989,0.9999989,0.00020688404,0.9999995,0.9999995,0.0005374066,0.9999999,0.9999999,7.894278e-05,1.0,1.0,1.295654e-05,1,0.9999989
447,12.995314688120363,80.24666470723338,0.9999989,0.9999989,0.0004888194,0.9999995,0.9999995,8.41959e-05,0.9999999,0.9999999,0.0116554815,1.0,1.0,9.610457e-05,1,0.9999989
448,12.995131716161072,80.24791610798496,0.9999989,0.9999989,0.0019334984,0.9999995,0.9999995,0.0017045268,0.9999999,0.9999999,0.00076661364,1.0,1.0,0.00014312801,1,0.9999989
449,12.9952179336062,80.24927344972535,0.9999989,0.9999989,7.1328686e-05,0.9999995,0.9999995,0.0002960276,0.9999999,0.9999999,0.00043919068,1.0,1.0,4.3009968e-05,1,0.9999989
450,12.995147172073274,80.2507345070488,0.9999989,0.9999989,0.00083274,0.9999995,0.9999995,0.0023261206,0.9999999,0.9999999,0.0021427688,1.0,1.0,0.00056136725,1,0.9999989
451,12.995207013476564,80.25200033062703,0.9999989,0.9999989,0.0006992858,0.9999995,0.9999995,0.00081298733,0.9999999,0.9999999,7.312737e-05,1.0,1.0,4.442544e-05,1,0.9999989
452,12.995253104348041,80.25363604846328,0.9999989,0.9999989,0.00010270558,0.9999995,0.9999995,0.00049369974,0.9999999,0.9999999,7.4392783e-06,1.0,1.0,2.2940425e-05,1,0.9999989
453,12.995107085539185,80.25489064793763,0.9999989,0.9999989,0.00024554064,0.9999995,0.9999995,0.0004382668,0.9999999,0.9999999,1.3225468e-05,1.0,1.0,2.2674634e-05,1,0.9999989
454,12.99515669438096,80.25620630321644,0.9999989,0.9999989,1.2365779e-05,0.9999995,0.9999995,8.909579e-05,0.9999999,0.9999999,1.3739043e-06,1.0,1.0,1.7050636e-06,1,0.9999989
455,12.995313522492987,80.25773089481076,0.9999989,0.9999989,0.00010157882,0.9999995,0.9999995,0.00016703432,0.9999999,0.9999999,9.4311445e-06,1.0,1.0,3.4071025e-05,1,0.9999989
456,12.995342589456062,80.2591516238955,0.9999989,0.9999989,0.023637531,0.9999995,0.9999995,0.036393467,0.9999999,0.9999999,0.008872673,1.0,1.0,0.0056656743,1,0.9999989
457,12.995334081692278,80.26055683330917,0.9999989,0.9999989,3.9353745e-05,0.9999995,0.9999995,2.90915e-05,0.9999999,0.9999999,2.4540524e-05,1.0,1.0,6.2217655e-06,1,0.9999989
458,12.99511438920301,80.26168788084632,0.9999989,0.9999989,0.00018660864,0.9999995,0.9999995,0.00019703989,0.9999999,0.9999999,5.2287436e-05,1.0,1.0,1.4111506e-05,1,0.9999989
459,12.995226257165138,80.26313510764884,0.9999989,0.9999989,0.029420225,0.9999995,0.9999995,0.0033356706,0.9999999,0.9999999,0.014810335,1.0,1.0,0.0032832485,1,0.9999989
460,12.995305191418751,80.26446060397214,0.9999989,0.9999989,8.1610684e-05,0.9999995,0.9999995,0.0005339585,0.9999999,0.9999999,0.00011424853,1.0,1.0,2.1856094e-05,1,0.9999989
461,12.995223418362112,80.2659872452832,0.9999989,0.9999989,0.007179874,0.9999995,0.9999995,0.0013969638,0.9999999,0.9999999,0.0011068049,1.0,1.0,0.0002775361,1,0.9999989
462,12.995145505427896,80.26724526903409,0.9999989,0.9999989,0.00018997495,0.9999995,0.9999995,3.10085e-05,0.9999999,0.9999999,9.0482856e-05,1.0,1.0,0.0002148474,1,0.9999989
463,12.995306845083858,80.26862676916303,0.9999989,0.9999989,0.0012632773,0.9999995,0.9999995,0.00036016345,0.9999999,0.9999999,1.5384203e-05,1.0,1.0,0.00012866862,1,0.9999989
464,12.99662283401749,80.2300232954521,0.9999989,0.9999989,0.0006642009,0.9999995,0.9999995,3.7295544e-05,0.9999999,0.9999999,1.597078e-05,1.0,1.0,3.533763e-05,1,0.9999989
465,12.99652477164134,80.23132647028785,0.9999989,0.9999989,0.0003723444,0.9999995,0.9999995,1.50311025e-05,0.9999999,0.9999999,0.00033060682,1.0,1.0,0.0004742465,1,0.9999989
466,12.996629540506232,80.23273945074844,0.9999989,0.99999905,7.2640896e-06,0.9999995,0.9999995,5.4957904e-06,0.9999999,0.9999999,4.0143743e-05,1.0,1.0,1.1244686e-06,1,0.9999989
467,12.99648045639442,80.23422397490653,0.9999989,0.9999989,0.00090703444,0.9999995,0.9999995,0.00019951529,0.9999999,0.9999999,0.0017864864,1.0,1.0,4.219126e-05,1,0.9999989
468,12.996457237334932,80.2356536505705,0.9999989,0.9999989,0.00015268254,0.9999995,0.9999995,0.0037899886,0.9999999,0.9999999,1.3398776e-05,1.0,1.0,1.1601902e-05,1,0.9999989
469,12.99645177748267,80.23702397217285,0.9999989,0.9999989,0.00017580754,0.9999995,0.9999995,6.926216e-05,0.9999999,0.9999999,4.481494e-05,1.0,1.0,5.7364846e-06,1,0.9999989
470,12.99665284186205,80.23823217413637,0.9999989,0.9999989,0.00014483175,0.9999995,0.9999995,0.003822967,0.9999999,0.9999999,0.00014069965,1.0,1.0,8.5259584e-05,1,0.9999989
471,12.996536175331842,80.23959153474274,0.9999989,0.9999989,0.00023269065,0.9999995,0.9999995,0.0012255938,0.9999999,0.9999999,0.00010540893,1.0,1.0,4.95123e-05,1,0.9999989
472,12.996490817186418,80.24104919479916,0.9999989,0.9999989,0.00044581958,0.9999995,0.9999995,0.0010198863,0.9999999,0.9999999,0.0019058039,1.0,1.0,0.00023129763,1,0.9999989
473,12.996654150552313,80.24250409425467,0.9999989,0.9999989,0.0013952823,0.9999995,0.9999995,0.0011978302,0.9999999,0.9999999,0.0021104447,1.0,1.0,0.00030061012,1,0.9999989
474,12.99651616658618,80.24393242688205,0.9999989,0.9999989,0.0002451409,0.9999995,0.9999995,0.00025384533,0.9999999,0.9999999,0.00059174653,1.0,1.0,0.00028751892,1,0.9999989
475,12.996491665398107,80.24522024349083,0.9999989,0.9999989,0.0008582558,0.9999995,0.9999995,0.0004325208,0.9999999,0.9999999,0.00013280274,1.0,1.0,0.00023523376,1,0.9999989
476,12.99646817842155,80.2465240105059,0.9999989,0.9999989,7.888765e-05,0.9999995,0.9999995,3.7618192e-05,0.9999999,0.9999999,7.61105e-06,1.0,1.0,5.08673e-06,1,0.9999989
477,12.996664028609949,80.24809917557612,0.9999989,0.9999989,0.00013311465,0.9999995,0.9999995,0.0010565465,0.9999999,0.9999999,6.245426e-05,1.0,1.0,4.6966197e-06,1,0.9999989
478,12.996564227862379,80.24943707036772,0.9999989,0.9999989,0.001260082,0.9999995,0.9999995,0.0015173638,0.9999999,0.9999999,0.0022209992,1.0,1.0,8.2939725e-05,1,0.9999989
479,12.9965674844591,80.25074064463517,0.9999989,0.9999989,0.0023926648,0.9999995,0.9999995,0.0028062016,0.9999999,0.9999999,0.0020664197,1.0,1.0,0.0015697359,1,0.9999989
480,12.996541833386114,80.25213623893886,0.9999989,0.9999989,0.00013835439,0.9999995,0.9999995,4.082024e-05,0.9999999,0.9999999,0.00022076418,1.0,1.0,9.41669e-06,1,0.9999989
481,12.996458587096546,80.25340715991818,0.9999989,0.9999989,7.742183e-05,0.9999995,0.9999995,6.262159e-05,0.9999999,0.9999999,8.448345e-06,1.0,1.0,1.5382764e-06,1,0.9999989
482,12.996554625608956,80.25501697239102,0.9999989,0.9999989,0.00024547853,0.9999995,0.9999995,0.0002813732,0.9999999,0.9999999,0.00019181566,1.0,1.0,0.000113273985,1,0.9999989
483,12.996468804404714,80.25640011956311,0.9999989,0.9999989,0.004834542,0.9999995,0.9999995,0.0037844433,0.9999999,0.9999999,0.0009339264,1.0,1.0,0.00033422312,1,0.9999989
484,12.996480699942525,80.25767270669714,0.9999989,0.9999989,0.00046648222,0.9999995,0.9999995,0.00030805022,0.9999999,0.9999999,0.00024992984,1.0,1.0,5.028047e-05,1,0.9999989
485,12.996432821032736,80.25897227581841,0.9999989,0.9999989,0.0007309609,0.9999995,0.9999995,0.00019808854,0.9999999,0.9999999,0.0019494039,1.0,1.0,0.00011194515,1,0.9999989
486,12.996671806074652,80.26031803340572,0.9999989,0.9999989,5.4862907e-05,0.9999995,0.9999995,0.0009135551,0.9999999,0.9999999,1.656388e-05,1.0,1.0,3.802915e-06,1,0.9999989
487,12.996588608303618,80.26175694501538,0.9999989,0.9999989,0.0010527504,0.9999995,0.9999995,0.00035132602,0.9999999,0.9999999,0.00011346659,1.0,1.0,2.4371944e-05,1,0.9999989
488,12.996532640472141,80.26317951135385,0.9999989,0.9999989,0.0001574371,0.9999995,0.9999995,0.00010159841,0.9999999,0.9999999,0.00048164636,1.0,1.0,6.8787263e-06,1,0.9999989
489,12.99647518117445,80.26458088938828,0.9999989,0.9999989,3.669939e-05,0.9999995,0.9999995,0.00014749255,0.9999999,0.9999999,3.0603128e-06,1.0,1.0,1.4688327e-06,1,0.9999989
490,12.99664525005446,80.2660900896476,0.9999989,0.9999989,0.00096286344,0.9999995,0.9999995,0.000949862,0.9999999,0.9999999,0.00018423304,1.0,1.0,0.0003917976,1,0.9999989
491,12.996551049038015,80.26740466102295,0.9999989,0.9999989,5.170466e-05,0.9999995,0.9999995,0.00022292753,0.9999999,0.9999999,9.564034e-06,1.0,1.0,2.2304057e-05,1,0.9999989
492,12.996672834852223,80.26862471284315,0.9999989,0.9999989,2.946979e-05,0.9999995,0.9999995,3.5906003e-05,0.9999999,0.9999999,0.00038790065,1.0,1.0,3.438267e-05,1,0.9999989
493,12.997785691705824,80.22995613138016,0.9999989,0.9999989,4.4986635e-05,0.9999995,0.9999995,0.0001752986,0.9999999,0.9999999,1.6726826e-05,1.0,1.0,3.188003e-05,1,0.9999989
494,12.997986289174598,80.23133929536822,0.9999989,0.99999905,0.00033455438,0.9999995,0.9999995,2.5521105e-05,0.9999999,0.9999999,0.0016044272,1.0,1.0,3.0686202e-05,1,0.9999989
495,12.997974534293423,80.23279970399842,0.9999989,0.99999905,8.117526e-05,0.99999964,0.99999964,1.7193783e-05,0.9999999,0.9999999,3.022725e-05,1.0,1.0,2.4510482e-05,1,0.9999989
496,12.997829308644752,80.23422986111854,0.9999989,0.9999989,2.8837443e-05,0.9999995,0.9999995,1.022238e-05,0.9999999,0.9999999,7.647164e-06,1.0,1.0,7.8419134e-07,1,0.9999989
497,12.997890223572485,80.23564873980409,0.9999989,0.9999989,0.00049250975,0.9999995,0.9999995,0.004920268,0.9999999,0.9999999,0.0010195395,1.0,1.0,0.0019363891,1,0.9999989
498,12.9977728104849,80.23695286200595,0.9999989,0.9999989,0.000112195,0.9999995,0.9999995,0.0009331451,0.9999999,0.9999999,0.0002640254,1.0,1.0,2.7634422e-05,1,0.9999989
499,12.997847887994793,80.2384337510701,0.9999989,0.9999989,0.000297367,0.9999995,0.9999995,0.00017557039,0.9999999,0.9999999,3.302514e-05,1.0,1.0,0.000120350094,1,0.9999989
500,12.99789568685993,80.23955905664292,0.9999989,0.9999989,0.001773767,0.9999995,0.9999995,0.0015782515,0.9999999,0.9999999,0.0003913616,1.0,1.0,0.0007117435,1,0.9999989
501,12.99781323932183,80.24096046094971,0.9999989,0.9999989,8.61015e-05,0.9999995,0.9999995,2.4421926e-05,0.9999999,0.9999999,8.988829e-05,1.0,1.0,3.071617e-05,1,0.9999989
502,12.997878079606078,80.24248253168523,0.9999989,0.9999989,2.6693804e-05,0.9999995,0.9999995,2.6027674e-05,0.9999999,0.9999999,0.000119409175,1.0,1.0,1.5596956e-05,1,0.9999989
503,12.997858198839738,80.24394550267807,0.9999989,0.9999989,0.00054968044,0.9999995,0.9999995,6.601802e-05,0.9999999,0.9999999,0.00023176991,1.0,1.0,5.6423552e-05,1,0.9999989
504,12.997896451517303,80.24527426711745,0.9999989,0.9999989,0.0014279663,0.9999995,0.9999995,0.0077339574,0.9999999,0.9999999,0.0012239697,1.0,1.0,0.00090360997,1,0.9999989
505,12.997933802198194,80.2466388325937,0.9999989,0.9999989,6.297813e-05,0.9999995,0.9999995,3.2809097e-05,0.9999999,0.9999999,8.718372e-05,1.0,1.0,4.879889e-06,1,0.9999989
506,12.998028223435503,80.24796994931492,0.9999989,0.9999989,9.998214e-05,0.9999995,0.9999995,0.0023569167,0.9999999,0.9999999,1.5280395e-05,1.0,1.0,1.9971036e-05,1,0.9999989
507,12.99781995207545,80.24931685772773,0.9999989,0.9999989,0.00024773023,0.9999995,0.9999995,0.00018261412,0.9999999,0.9999999,0.00015184481,1.0,1.0,1.9010062e-05,1,0.9999989
508,12.99800018169997,80.25079249890898,0.9999989,0.9999989,0.00020667238,0.9999995,0.9999995,0.00057703955,0.9999999,0.9999999,1.9112287e-05,1.0,1.0,1.9309837e-05,1,0.9999989
509,12.99789336130663,80.25199897004262,0.9999989,0.9999989,0.001575524,0.9999995,0.9999995,0.0026870328,0.9999999,0.9999999,0.003150032,1.0,1.0,0.00046826742,1,0.9999989
510,12.997974205520743,80.2536175607975,0.9999989,0.9999989,0.0033516402,0.9999995,0.9999995,0.0010954476,0.9999999,0.9999999,0.0013064418,1.0,1.0,0.00064107234,1,0.9999989
511,12.997915400775685,80.2550279132069,0.9999989,0.9999989,0.0002634381,0.9999995,0.9999995,0.00045210813,0.9999999,0.9999999,1.4861687e-05,1.0,1.0,3.1775984e-05,1,0.9999989
512,12.997853704711064,80.25631902460255,0.9999989,0.9999989,3.186185e-05,0.9999995,0.9999995,5.3704673e-05,0.9999999,0.9999999,0.00017710429,1.0,1.0,4.8673237e-06,1,0.9999989
513,12.997870913264984,80.25778143421239,0.9999989,0.9999989,0.0001707047,0.9999995,0.9999995,0.0012143649,0.9999999,0.9999999,4.4829714e-05,1.0,1.0,1.4109752e-05,1,0.9999989
514,12.99788083189117,80.25910650564516,0.9999989,0.9999989,0.00034920723,0.9999995,0.9999995,4.8786653e-05,0.9999999,0.9999999,0.0002197581,1.0,1.0,0.00014685502,1,0.9999989
515,12.997966164894468,80.26044051965683,0.9999989,0.9999989,5.2861593e-05,0.9999995,0.9999995,0.00053934223,0.9999999,0.9999999,1.0763391e-05,1.0,1.0,7.908535e-06,1,0.9999989
516,12.998016642021279,80.26180877578429,0.9999989,0.9999989,4.424046e-05,0.9999995,0.9999995,2.1862497e-05,0.9999999,0.9999999,0.0006501789,1.0,1.0,7.5801795e-06,1,0.9999989
517,12.997946569834223,80.26316686816956,0.9999989,0.9999989,0.0013086407,0.9999995,0.9999995,0.0010267041,0.9999999,0.9999999,0.0016137593,1.0,1.0,0.00027456388,1,0.9999989
518,12.997882183794902,80.26452847158623,0.9999989,0.9999989,5.9531023e-05,0.9999995,0.9999995,3.7577993e-05,0.9999999,0.9999999,7.0216345e-05,1.0,1.0,0.00015146537,1,0.9999989
519,12.997806092441168,80.26593837252537,0.9999989,0.9999989,7.250364e-05,0.9999995,0.9999995,2.8778184e-05,0.9999999,0.9999999,1.1402279e-05,1.0,1.0,1.3525064e-06,1,0.9999989
520,12.997952072383182,80.26722491641631,0.9999989,0.9999989,0.00022148647,0.9999995,0.9999995,4.8193237e-05,0.9999999,0.9999999,0.0005585995,1.0,1.0,4.1712756e-05,1,0.9999989
521,12.997950838047322,80.26876373145748,0.9999989,0.9999989,0.00026850385,0.9999995,0.9999995,2.267674e-05,0.9999999,0.9999999,1.1022994e-05,1.0,1.0,9.392641e-06,1,0.9999989
522,12.999207657251901,80.22986717865376,0.9999989,0.99999905,0.0004683967,0.9999995,0.9999995,0.0012557859,0.9999999,0.9999999,0.00022643972,1.0,1.0,7.841005e-05,1,0.9999989
523,12.999329361684135,80.23129930410373,0.9999989,0.99999905,0.00018805363,0.9999995,0.9999995,0.0001290245,0.9999999,0.9999999,9.16183e-05,1.0,1.0,4.4166704e-06,1,0.9999989
524,12.999186133770376,80.23286550755255,0.9999989,0.99999905,0.00018465174,0.9999995,0.9999995,0.004649475,0.9999999,0.9999999,0.0007080374,1.0,1.0,0.0002199785,1,0.9999989
525,12.999154517464115,80.23419507159667,0.999999,0.99999905,0.0011898814,0.9999995,0.9999995,0.0008761233,0.9999999,0.9999999,8.6869324e-05,1.0,1.0,6.6852015e-05,1,0.999999
526,12.999157021513552,80.23546934372905,0.999999,0.99999905,0.00054684916,0.9999995,0.9999995,0.00019718889,0.9999999,0.9999999,0.002820977,1.0,1.0,0.00013746027,1,0.999999
527,12.99930149206272,80.2368545410061,0.9999989,0.9999989,0.0001967919,0.9999995,0.9999995,0.00043779434,0.9999999,0.9999999,0.00016429808,1.0,1.0,3.627437e-05,1,0.9999989
528,12.99917423349119,80.23841078371301,0.9999989,0.9999989,0.0003087914,0.9999995,0.9999995,0.009177813,0.9999999,0.9999999,0.002636514,1.0,1.0,0.00014670168,1,0.9999989
529,12.999308675287809,80.23969181779884,0.9999989,0.9999989,9.557428e-05,0.9999995,0.9999995,8.1445665e-05,0.9999999,0.9999999,7.775339e-05,1.0,1.0,4.405276e-06,1,0.9999989
530,12.999284062293283,80.24118833028156,0.9999989,0.9999989,2.4287736e-05,0.9999995,0.9999995,7.631009e-05,0.9999999,0.9999999,8.162914e-06,1.0,1.0,7.5166954e-06,1,0.9999989
531,12.999288217253943,80.24237821367592,0.9999989,0.9999989,0.00026732733,0.9999995,0.9999995,0.00057496445,0.9999999,0.9999999,7.617307e-05,1.0,1.0,3.1023297e-05,1,0.9999989
532,12.999382715160998,80.24377918023946,0.9999989,0.9999989,0.00035340895,0.9999995,0.9999995,0.00037588825,0.9999999,0.9999999,0.000113276416,1.0,1.0,0.00024140766,1,0.9999989
533,12.999304373262886,80.24518396376502,0.9999989,0.9999989,0.00015734402,0.9999995,0.9999995,5.8465223e-05,0.9999999,0.9999999,0.0003329893,1.0,1.0,4.4733166e-05,1,0.9999989
534,12.999227468948847,80.24646272973564,0.9999989,0.9999989,4.2567594e-06,0.9999995,0.9999995,1.0359945e-05,0.9999999,0.9999999,1.0629207e-06,1.0,1.0,2.65928e-07,1,0.9999989
535,12.99928410728831,80.24808122260487,0.9999989,0.9999989,0.00070317165,0.9999995,0.9999995,0.00035049205,0.9999999,0.9999999,0.00010110222,1.0,1.0,0.000170606,1,0.9999989
536,12.999371883982974,80.24934485536407,0.9999989,0.9999989,0.00097414205,0.9999995,0.9999995,0.0004464674,0.9999999,0.9999999,1.8974233e-05,1.0,1.0,0.0001150643,1,0.9999989
537,12.999206490030689,80.25084114604793,0.9999989,0.9999989,0.0004067957,0.9999995,0.9999995,0.0025518895,0.9999999,0.9999999,0.0002711837,1.0,1.0,9.4088515e-05,1,0.9999989
538,12.999251659429431,80.25213844612729,0.9999989,0.9999989,0.005051832,0.9999995,0.9999995,0.00077072217,0.9999999,0.9999999,0.0002439433,1.0,1.0,0.00011042398,1,0.9999989
539,12.999209695813963,80.25354557201422,0.9999989,0.9999989,8.653738e-05,0.9999995,0.9999995,4.690518e-05,0.9999999,0.9999999,0.00010328934,1.0,1.0,2.9544226e-05,1,0.9999989
540,12.999365614041135,80.2548211438169,0.9999989,0.9999989,0.00019489709,0.9999995,0.9999995,0.00012765944,0.9999999,0.9999999,7.915673e-05,1.0,1.0,4.834999e-05,1,0.9999989
541,12.999346924960244,80.25639200728891,0.9999989,0.9999989,2.6048097e-05,0.9999995,0.9999995,3.5411325e-05,0.9999999,0.9999999,2.3066953e-06,1.0,1.0,5.3852915e-07,1,0.9999989
542,12.999320425312387,80.2577899164923,0.9999989,0.9999989,0.00047768708,0.9999995,0.9999995,0.00011504238,0.9999999,0.9999999,4.985547e-05,1.0,1.0,3.474557e-05,1,0.9999989
543,12.999325168008987,80.25911373992443,0.9999989,0.9999989,1.5250768e-05,0.9999995,0.9999995,5.2886453e-06,0.9999999,0.9999999,2.9167131e-06,1.0,1.0,4.6552717e-07,1,0.9999989
544,12.999242665880677,80.26041805851479,0.9999989,0.9999989,0.0011410641,0.9999995,0.9999995,0.00016958435,0.9999999,0.9999999,0.0002480536,1.0,1.0,3.994607e-05,1,0.9999989
545,12.999293429534966,80.26173445748346,0.9999989,0.9999989,0.00032667385,0.9999995,0.9999995,2.7683041e-05,0.9999999,0.9999999,0.00018698665,1.0,1.0,2.8587307e-05,1,0.9999989
546,12.999189132701156,80.26313091851223,0.9999989,0.9999989,0.00030807525,0.9999995,0.9999995,0.00022302747,0.9999999,0.9999999,0.00012194584,1.0,1.0,7.9562524e-05,1,0.9999989
547,12.99923014257679,80.26459584534416,0.9999989,0.9999989,0.00014241703,0.9999995,0.9999995,0.00422146,0.9999999,0.9999999,6.3276275e-05,1.0,1.0,2.4492352e-05,1,0.9999989
548,12.999339576720303,80.26587719558742,0.9999989,0.9999989,9.76826e-05,0.9999995,0.9999995,0.000101264755,0.9999999,0.9999999,2.6847196e-05,1.0,1.0,1.1969699e-05,1,0.9999989
549,12.999164848954292,80.26743756126733,0.9999989,0.9999989,0.0017823172,0.9999995,0.9999995,0.00012224937,0.9999999,0.9999999,1.1495191e-05,1.0,1.0,1.1337727e-05,1,0.9999989
550,12.999210239840616,80.2685845068834,0.9999989,0.9999989,0.0035852662,0.9999995,0.9999995,0.0030030329,0.9999999,0.9999999,0.00017203306,1.0,1.0,0.00064278865,1,0.9999989
551,13.00069327358955,80.23008228452456,0.999999,0.99999905,8.428178e-05,0.9999995,0.9999995,4.150507e-05,0.9999999,0.9999999,1.654029e-05,1.0,1.0,1.0539214e-05,1,0.999999
552,13.00067580018898,80.23128285311479,0.999999,0.99999905,0.006112443,0.9999995,0.9999995,0.0025172988,0.9999999,0.9999999,0.00041518296,1.0,1.0,0.00023538883,1,0.999999
553,13.000572241086115,80.23265947841463,0.99999905,0.99999905,0.0001501757,0.99999964,0.99999964,0.00018855574,0.9999999,0.9999999,7.620893e-05,1.0,1.0,1.7016588e-05,1,0.99999905
554,13.000519023757622,80.23428655215935,0.99999905,0.99999905,0.0010874078,0.9999995,0.9999995,6.776639e-05,0.9999999,0.9999999,0.000111586014,1.0,1.0,2.9624103e-05,1,0.99999905
555,13.000581063690065,80.23543582570764,0.999999,0.99999905,9.35903e-05,0.9999995,0.9999995,0.00049733947,0.9999999,0.9999999,1.14525765e-05,1.0,1.0,4.217417e-06,1,0.999999
556,13.00071853237041,80.23694751159822,0.99999905,0.99999905,7.116226e-05,0.9999995,0.9999995,0.00012094631,0.9999999,0.9999999,8.664269e-05,1.0,1.0,6.469323e-05,1,0.99999905
557,13.000485889499634,80.23843028076637,0.9999989,0.9999989,0.0021097562,0.9999995,0.9999995,0.0033998715,0.9999999,0.9999999,0.0005496166,1.0,1.0,0.0013125531,1,0.9999989
558,13.000680220438543,80.23958005832132,0.9999989,0.99999905,0.0007693534,0.9999995,0.9999995,0.00015832631,0.9999999,0.9999999,0.00018111695,1.0,1.0,0.000109036904,1,0.9999989
559,13.000705582750511,80.24099962477055,0.9999989,0.9999989,5.764324e-05,0.9999995,0.9999995,0.00066295615,0.9999999,0.9999999,1.2745186e-05,1.0,1.0,2.4581013e-05,1,0.9999989
560,13.000497263241764,80.24249115269956,0.9999989,0.9999989,0.00013101293,0.9999995,0.9999995,4.5193232e-05,0.9999999,0.9999999,6.5405893e-06,1.0,1.0,4.7425146e-06,1,0.9999989
561,13.000514648683092,80.24392079798399,0.9999989,0.9999989,0.00038155756,0.9999995,0.9999995,0.00038727632,0.9999999,0.9999999,0.007986134,1.0,1.0,6.275084e-05,1,0.9999989
562,13.000615931978606,80.24519055161396,0.9999989,0.9999989,0.00012025614,0.9999995,0.9999995,0.0005903018,0.9999999,0.9999999,0.00022138016,1.0,1.0,2.5626017e-05,1,0.9999989
563,13.000652038155499,80.24659480571138,0.9999989,0.9999989,0.0001826049,0.9999995,0.9999995,4.841668e-05,0.9999999,0.9999999,8.772752e-05,1.0,1.0,3.7505285e-06,1,0.9999989
564,13.000734470536898,80.24801970620264,0.9999989,0.9999989,0.00019076491,0.9999995,0.9999995,1.1105363e-05,0.9999999,0.9999999,4.1378204e-05,1.0,1.0,1.5011678e-06,1,0.9999989
565,13.000606304186855,80.24949848784333,0.9999989,0.9999989,0.0005321492,0.9999995,0.9999995,0.0002753844,0.9999999,0.9999999,0.0013636162,1.0,1.0,2.3508956e-05,1,0.9999989
566,13.000663270741741,80.25063128382018,0.9999989,0.9999989,0.0070123277,0.9999995,0.9999995,0.00060501636,0.9999999,0.9999999,0.018694999,1.0,1.0,0.0017762269,1,0.9999989
567,13.0005529086564,80.25225795919606,0.9999989,0.9999989,0.0001404026,0.9999995,0.9999995,0.0038313842,0.9999999,0.9999999,2.2861614e-05,1.0,1.0,1.3084535e-05,1,0.9999989
568,13.000581596368542,80.253498279188,0.9999989,0.9999989,7.605675e-05,0.9999995,0.9999995,7.854386e-06,0.9999999,0.9999999,4.8067404e-06,1.0,1.0,3.668425e-06,1,0.9999989
569,13.000648292606344,80.25476782377005,0.9999989,0.9999989,0.00015566353,0.9999995,0.9999995,0.0002456689,0.9999999,0.9999999,9.64719e-05,1.0,1.0,0.00012098346,1,0.9999989
570,13.000679338090555,80.25623421018017,0.9999989,0.9999989,0.00016279297,0.9999995,0.9999995,4.6989597e-05,0.9999999,0.9999999,1.3290344e-05,1.0,1.0,1.5297679e-05,1,0.9999989
571,13.000688438048865,80.25774951298328,0.9999989,0.9999989,1.0067696e-05,0.9999995,0.9999995,0.00015368097,0.9999999,0.9999999,4.786981e-06,1.0,1.0,2.8782968e-06,1,0.9999989
572,13.000553776234899,80.25901749094,0.9999989,0.9999989,0.00028426966,0.9999995,0.9999995,0.0001871224,0.9999999,0.9999999,8.601693e-05,1.0,1.0,5.337611e-05,1,0.9999989
573,13.000683090936192,80.26049223998577,0.9999989,0.9999989,8.7280685e-05,0.9999995,0.9999995,9.688501e-05,0.9999999,0.9999999,3.9545845e-05,1.0,1.0,1.0933643e-05,1,0.9999989
574,13.000707787734349,80.26180388682187,0.9999989,0.9999989,6.7560664e-05,0.9999995,0.9999995,0.00013875119,0.9999999,0.9999999,2.5984704e-05,1.0,1.0,2.7081562e-06,1,0.9999989
575,13.000704025003516,80.26309070111586,0.9999989,0.9999989,0.0017810217,0.9999995,0.9999995,0.0006669643,0.9999999,0.9999999,0.0022069442,1.0,1.0,0.00018854729,1,0.9999989
576,13.000508495918643,80.26446035985025,0.9999989,0.9999989,0.0037252044,0.9999995,0.9999995,0.001310004,0.9999999,0.9999999,0.00026788074,1.0,1.0,4.7542537e-05,1,0.9999989
577,13.000485317592592,80.265964312615,0.9999989,0.9999989,0.00035623688,0.9999995,0.9999995,0.00041567537,0.9999999,0.9999999,3.6373767e-05,1.0,1.0,3.1320793e-05,1,0.9999989
578,13.000467261609113,80.267214153003,0.9999989,0.9999989,0.00016165708,0.9999995,0.9999995,6.590483e-05,0.9999999,0.9999999,1.4196283e-05,1.0,1.0,2.2850752e-05,1,0.9999989
579,13.000675877797704,80.26870310557642,0.9999989,0.9999989,0.0011766126,0.9999995,0.9999995,0.0010704941,0.9999999,0.9999999,0.0034053607,1.0,1.0,4.816313e-05,1,0.9999989
580,13.001990367662556,80.22987134718943,0.99999905,0.99999905,0.00034159716,0.99999964,0.99999964,7.745572e-05,0.9999999,0.9999999,0.00012600109,1.0,1.0,3.2339278e-05,1,0.99999905
581,13.001859863685404,80.23147225226074,0.99999905,0.99999905,0.0013647437,0.99999964,0.99999964,0.0006966988,0.9999999,0.9999999,2.6528773e-05,1.0,1.0,8.0112826e-05,1,0.99999905
582,13.00204656871371,80.23266809642074,0.99999905,0.99999905,0.00016515014,0.99999964,0.99999964,7.3389965e-05,0.9999999,0.9999999,0.000111036505,1.0,1.0,7.703567e-06,1,0.99999905
583,13.001959829796888,80.23423801714735,0.999999,0.99999905,0.0005430158,0.9999995,0.9999995,0.0009710917,0.9999999,0.9999999,0.00015935766,1.0,1.0,0.00014365347,1,0.999999
584,13.001839585719766,80.23561981447654,0.99999905,0.99999905,0.0007007811,0.9999995,0.9999995,9.1445036e-05,0.9999999,0.9999999,0.00015593672,1.0,1.0,3.0037487e-05,1,0.99999905
585,13.002013420110357,80.23688523014938,0.99999905,0.99999905,8.4787825e-05,0.99999964,0.99999964,1.3321092e-05,0.9999999,0.9999999,0.00012336619,1.0,1.0,1.1405985e-05,1,0.99999905
586,13.002017336214829,80.23823021380267,0.99999905,0.99999905,1.597671e-05,0.9999995,0.9999995,2.65899e-05,0.9999999,0.9999999,2.9039663e-06,1.0,1.0,1.7107129e-06,1,0.99999905
587,13.002016780269853,80.239681335428,0.999999,0.99999905,0.00040109665,0.9999995,0.9999995,2.2198436e-05,0.9999999,0.9999999,4.431013e-05,1.0,1.0,3.4121608e-06,1,0.999999
588,13.001913736347541,80.24105329375729,0.9999989,0.9999989,0.0006971102,0.9999995,0.9999995,0.000244184,0.9999999,0.9999999,3.946917e-05,1.0,1.0,2.4089824e-05,1,0.9999989
589,13.001870745420812,80.24236827967786,0.9999989,0.9999989,9.856953e-05,0.9999995,0.9999995,0.0008460267,0.9999999,0.9999999,1.3056769e-05,1.0,1.0,1.6662994e-05,1,0.9999989
590,13.001846634121836,80.24389838464124,0.9999989,0.9999989,9.249406e-05,0.9999995,0.9999995,7.6460994e-05,0.9999999,0.9999999,0.00029410844,1.0,1.0,1.4094661e-05,1,0.9999989
591,13.001862097924473,80.24509720341594,0.9999989,0.9999989,0.048859414,0.9999995,0.9999995,0.0040940573,0.9999999,0.9999999,0.0035288779,1.0,1.0,0.0005532019,1,0.9999989
592,13.002036410606234,80.2465048022663,0.9999989,0.9999989,0.0016760408,0.9999995,0.9999995,0.0033529692,0.9999999,0.9999999,8.704468e-05,1.0,1.0,0.0001768539,1,0.9999989
593,13.002081491679146,80.24794940594091,0.9999989,0.9999989,0.001376118,0.9999995,0.9999995,8.518667e-05,0.9999999,0.9999999,0.000114363735,1.0,1.0,1.4182741e-05,1,0.9999989
594,13.001990713212114,80.2492600205843,0.9999989,0.9999989,5.1851133e-05,0.9999995,0.9999995,4.1627853e-05,0.9999999,0.9999999,6.016347e-05,1.0,1.0,6.7924634e-06,1,0.9999989
595,13.001920477410193,80.25072906204892,0.9999989,0.9999989,0.0030125119,0.9999995,0.9999995,0.00032825707,0.9999999,0.9999999,0.0013351466,1.0,1.0,0.00050263363,1,0.9999989
596,13.002077505114773,80.25222986458215,0.9999989,0.9999989,9.889457e-05,0.9999995,0.9999995,5.6803656e-05,0.9999999,0.9999999,1.3215297e-05,1.0,1.0,8.2330735e-06,1,0.9999989
597,13.001866412328178,80.25361213195055,0.9999989,0.9999989,0.00077833014,0.9999995,0.9999995,0.0028713907,0.9999999,0.9999999,0.0005465645,1.0,1.0,0.00020360324,1,0.9999989
598,13.00199139612266,80.25481466996726,0.9999989,0.9999989,0.00039981375,0.9999995,0.9999995,3.7416205e-05,0.9999999,0.9999999,0.00039851383,1.0,1.0,7.463336e-05,1,0.9999989
599,13.002012592112155,80.25621643899828,0.9999989,0.9999989,2.9181363e-05,0.9999995,0.9999995,2.6513295e-05,0.9999999,0.9999999,1.4417373e-05,1.0,1.0,1.3742444e-06,1,0.9999989
600,13.001963054824438,80.25767602674952,0.9999989,0.9999989,0.000119701544,0.9999995,0.9999995,0.00019981695,0.9999999,0.9999999,8.796966e-05,1.0,1.0,8.598601e-06,1,0.9999989
601,13.002006072432213,80.25913140755131,0.9999989,0.9999989,8.225331e-05,0.9999995,0.9999995,0.00035583982,0.9999999,0.9999999,0.00010517964,1.0,1.0,6.58968e-06,1,0.9999989
602,13.001827917482178,80.26029248449473,0.9999989,0.9999989,0.0010024593,0.9999995,0.9999995,0.0008233206,0.9999999,0.9999999,0.006670716,1.0,1.0,0.00031484597,1,0.9999989
603,13.001945614105914,80.26183439349508,0.9999989,0.9999989,0.00012632838,0.9999995,0.9999995,0.0039832625,0.9999999,0.9999999,7.91277e-06,1.0,1.0,1.5287002e-05,1,0.9999989
604,13.001927413606012,80.26312286032109,0.9999989,0.9999989,6.240851e-05,0.9999995,0.9999995,7.607206e-05,0.9999999,0.9999999,5.6544477e-06,1.0,1.0,1.0817106e-05,1,0.9999989
605,13.00203735487371,80.26464340239237,0.9999989,0.9999989,0.0005052305,0.9999995,0.9999995,0.0002640698,0.9999999,0.9999999,0.00020571066,1.0,1.0,4.7409856e-05,1,0.9999989
606,13.001918443086844,80.26597188612615,0.9999989,0.9999989,8.442275e-05,0.9999995,0.9999995,3.641665e-05,0.9999999,0.9999999,2.384689e-05,1.0,1.0,3.7818122e-06,1,0.9999989
607,13.001955242131915,80.2672744161764,0.9999989,0.9999989,9.729445e-05,0.9999995,0.9999995,0.0007278838,0.9999999,0.9999999,1.3939762e-05,1.0,1.0,1.2090264e-05,1,0.9999989
608,13.001966608463107,80.26866948298195,0.9999989,0.9999989,0.00069835765,0.9999995,0.9999995,0.0026318813,0.9999999,0.9999999,0.0001813657,1.0,1.0,0.0007764404,1,0.9999989
609,13.003179863244066,80.2300488579089,0.9999989,0.9999989,3.31099e-05,0.99999964,0.99999964,9.331987e-05,0.9999999,0.9999999,2.1120359e-05,1.0,1.0,8.348277e-06,1,0.9999989
610,13.00321926261379,80.23124488977174,0.9999989,0.9999989,0.0010622921,0.99999964,0.99999964,0.00010806442,0.9999999,0.9999999,0.00021503546,1.0,1.0,0.00018310788,1,0.9999989
611,13.003336226400455,80.23287487826974,0.9999989,0.9999989,0.00032823405,0.99999964,0.99999964,0.00042599428,0.9999999,0.9999999,2.3972641e-05,1.0,1.0,1.37768475e-05,1,0.9999989
612,13.003401975555663,80.23405792037457,0.99999905,0.99999905,0.00022888991,0.99999964,0.99999964,4.6474608e-05,0.9999999,0.9999999,9.508633e-05,1.0,1.0,7.845849e-06,1,0.99999905
613,13.003290358899589,80.23552322178804,0.99999905,0.99999905,8.970029e-05,0.99999964,0.99999964,0.0019710283,0.9999999,0.9999999,3.4105658e-06,1.0,1.0,1.9935903e-06,1,0.99999905
614,13.00317808660409,80.23703487478265,0.999999,0.99999905,9.5257965e-05,0.9999995,0.9999995,0.0012670853,0.9999999,0.9999999,0.00013549252,1.0,1.0,0.00019853591,1,0.999999
615,13.003319916814197,80.23821852189222,0.99999905,0.99999905,0.00010030806,0.9999995,0.9999995,4.165605e-05,0.9999999,0.9999999,3.0450628e-05,1.0,1.0,8.01105e-06,1,0.99999905
616,13.00334518334781,80.23959595842923,0.9999989,0.99999905,8.3571234e-05,0.9999995,0.9999995,6.752563e-05,0.9999999,0.9999999,0.00011754614,1.0,1.0,4.371209e-06,1,0.9999989
617,13.003188777480414,80.24098398716957,0.999999,0.99999905,0.00020258137,0.99999964,0.99999964,0.0001663037,0.9999999,0.9999999,1.4357831e-05,1.0,1.0,5.813039e-05,1,0.999999
618,13.003275979348095,80.24236490432176,0.999999,0.99999905,0.00035585847,0.9999995,0.9999995,0.0008100226,0.9999999,0.9999999,0.000113869755,1.0,1.0,5.3848453e-05,1,0.999999
619,13.003198353941336,80.24373925562081,0.9999989,0.9999989,0.0016333959,0.9999995,0.9999995,9.1568196e-05,0.9999999,0.9999999,9.8331846e-05,1.0,1.0,6.108538e-05,1,0.9999989
620,13.003248400252513,80.24531135652079,0.9999989,0.9999989,0.029447012,0.9999995,0.9999995,0.00039892987,0.9999999,0.9999999,0.00077596784,1.0,1.0,0.0003812819,1,0.9999989
621,13.003176950343935,80.24655608292852,0.9999989,0.9999989,0.0008887349,0.9999995,0.9999995,0.0030194588,0.9999999,0.9999999,7.3519375e-05,1.0,1.0,0.00028014052,1,0.9999989
622,13.003233419109966,80.24793802841083,0.9999989,0.9999989,3.3521377e-05,0.9999995,0.9999995,0.00030619607,0.9999999,0.9999999,6.9740145e-06,1.0,1.0,3.3653698e-06,1,0.9999989
623,13.003217406655875,80.24939091702817,0.9999989,0.9999989,2.061032e-05,0.9999995,0.9999995,8.381437e-05,0.9999999,0.9999999,1.6165259e-05,1.0,1.0,1.2655253e-05,1,0.9999989
624,13.003412594310362,80.25085065504804,0.9999989,0.9999989,6.051775e-05,0.9999995,0.9999995,0.0010601535,0.9999999,0.9999999,7.6562965e-06,1.0,1.0,3.7404257e-05,1,0.9999989
625,13.003190999718743,80.25201544773229,0.9999989,0.9999989,0.0009522275,0.9999995,0.9999995,5.675197e-05,0.9999999,0.9999999,0.003542032,1.0,1.0,0.00010630273,1,0.9999989
626,13.003329025131972,80.25340261620921,0.9999989,0.9999989,2.9549077e-05,0.9999995,0.9999995,0.0001260887,0.9999999,0.9999999,0.00010819527,1.0,1.0,1.2930797e-05,1,0.9999989
627,13.003391766704453,80.25478733619396,0.9999989,0.9999989,3.74064e-05,0.9999995,0.9999995,0.00015008647,0.9999999,0.9999999,2.3019258e-05,1.0,1.0,6.2693207e-06,1,0.9999989
628,13.003382988373598,80.25634509907827,0.9999989,0.9999989,7.6973774e-05,0.9999995,0.9999995,0.00023851269,0.9999999,0.9999999,2.911625e-06,1.0,1.0,2.040681e-06,1,0.9999989
629,13.003430653219075,80.25766486408514,0.9999989,0.9999989,0.00039581204,0.9999995,0.9999995,0.00016264018,0.9999999,0.9999999,3.917179e-05,1.0,1.0,0.00010218447,1,0.9999989
630,13.003270193576423,80.25891446868827,0.9999989,0.9999989,0.000244986,0.9999995,0.9999995,0.0004764108,0.9999999,0.9999999,2.2236729e-05,1.0,1.0,1.3537424e-05,1,0.9999989
631,13.003417708991764,80.26037472699852,0.9999989,0.9999989,0.00059211114,0.9999995,0.9999995,5.069123e-05,0.9999999,0.9999999,4.35616e-06,1.0,1.0,5.7016055e-06,1,0.9999989
632,13.003379318442015,80.26182756274707,0.9999989,0.9999989,3.463911e-05,0.9999995,0.9999995,8.218277e-05,0.9999999,0.9999999,5.308221e-05,1.0,1.0,4.5196384e-06,1,0.9999989
633,13.003425790732292,80.2630980117252,0.9999989,0.9999989,0.00023264691,0.9999995,0.9999995,9.1551614e-05,0.9999999,0.9999999,0.000103537284,1.0,1.0,6.899841e-05,1,0.9999989
634,13.003295096678853,80.26457169417326,0.9999989,0.9999989,2.4453184e-05,0.9999995,0.9999995,0.00015249451,0.9999999,0.9999999,5.5218857e-06,1.0,1.0,8.1927665e-06,1,0.9999989
635,13.003264660176413,80.26608518894047,0.9999989,0.9999989,0.00064386055,0.9999995,0.9999995,0.0009716994,0.9999999,0.9999999,0.0011699669,1.0,1.0,0.00070168957,1,0.9999989
636,13.003319642302245,80.26730949390156,0.9999989,0.9999989,0.00038937925,0.9999995,0.9999995,0.00017724061,0.9999999,0.9999999,0.0012037505,1.0,1.0,0.00018787078,1,0.9999989
637,13.003248585777886,80.26861784696504,0.9999989,0.9999989,6.7262874e-05,0.9999995,0.9999995,2.5550615e-05,0.9999999,0.9999999,1.3303192e-05,1.0,1.0,3.9267492e-05,1,0.9999989
638,13.004537356309514,80.22991514861211,0.9999989,0.9999989,0.00025948675,0.9999995,0.9999995,0.00017227362,0.9999999,0.9999999,5.5818327e-05,1.0,1.0,2.8781094e-05,1,0.9999989
639,13.004668342930163,80.23148414983469,0.999999,0.99999905,0.010083068,0.99999964,0.99999964,0.002323266,0.9999999,0.9999999,0.040159643,1.0,1.0,0.015995787,1,0.999999
640,13.004619655779042,80.23272667784177,0.9999989,0.9999989,0.0007913104,0.99999964,0.99999964,3.3486638e-05,0.9999999,0.9999999,0.00015940735,1.0,1.0,8.6568e-05,1,0.9999989
641,13.004680151594199,80.2341297082145,0.9999989,0.9999989,8.1946026e-05,0.99999964,0.99999964,0.00013242888,0.9999999,0.9999999,5.0562317e-06,1.0,1.0,4.866878e-06,1,0.9999989
642,13.004760900005314,80.23564956568256,0.9999989,0.9999989,0.00027546517,0.99999964,0.99999964,0.004382099,0.9999999,0.9999999,0.0001434526,1.0,1.0,6.6615634e-05,1,0.9999989
643,13.004598256142561,80.23688440331313,0.9999989,0.9999989,0.00081933365,0.99999964,0.99999964,0.00019130661,0.9999999,0.9999999,0.00011362862,1.0,1.0,0.00010480569,1,0.9999989
644,13.004662576598228,80.2382837575155,0.99999905,0.99999905,0.00071993266,0.99999964,0.99999964,4.3798886e-05,0.9999999,0.9999999,1.1457358e-05,1.0,1.0,1.7405906e-05,1,0.99999905
645,13.004687051763353,80.23966961945312,0.99999905,0.99999905,0.0024655436,0.9999995,0.9999995,0.00049576577,0.9999999,0.9999999,6.262063e-05,1.0,1.0,0.0001204875,1,0.99999905
646,13.004595952806348,80.24107810803662,0.9999989,0.99999905,4.4349956e-05,0.9999995,0.9999995,2.913831e-05,0.9999999,0.9999999,5.8598434e-06,1.0,1.0,3.8100427e-06,1,0.9999989
647,13.004611550338023,80.24240327811577,0.9999989,0.9999989,0.00071130367,0.9999995,0.9999995,0.00020394518,0.9999999,0.9999999,0.00021783293,1.0,1.0,8.586561e-05,1,0.9999989
648,13.004554274874005,80.2437167150372,0.9999989,0.9999989,0.008081515,0.9999995,0.9999995,0.0010932536,0.9999999,0.9999999,0.00025009594,1.0,1.0,0.00016369473,1,0.9999989
649,13.004614381075706,80.24527341904347,0.9999989,0.9999989,8.0996564e-05,0.9999995,0.9999995,7.680436e-05,0.9999999,0.9999999,5.1112926e-05,1.0,1.0,2.5533625e-05,1,0.9999989
650,13.004661158572755,80.24651564198251,0.9999989,0.9999989,6.4967295e-05,0.9999995,0.9999995,0.00053751835,0.9999999,0.9999999,0.00085463905,1.0,1.0,7.791915e-05,1,0.9999989
651,13.004578895713909,80.24804815287872,0.9999989,0.9999989,0.000118391385,0.9999995,0.9999995,0.0022616216,0.9999999,0.9999999,3.850998e-05,1.0,1.0,4.657727e-05,1,0.9999989
652,13.00475947849255,80.24945074187046,0.9999989,0.9999989,0.012877985,0.9999995,0.9999995,0.00041650786,0.9999999,0.9999999,0.0057066735,1.0,1.0,0.0002953888,1,0.9999989
653,13.004689799045739,80.25077017930978,0.9999989,0.9999989,0.00031988337,0.9999995,0.9999995,5.3167547e-05,0.9999999,0.9999999,0.0007332969,1.0,1.0,1.3588153e-05,1,0.9999989
654,13.004764333423756,80.25200237808829,0.9999989,0.9999989,0.0002614783,0.9999995,0.9999995,2.6947042e-05,0.9999999,0.9999999,8.317311e-06,1.0,1.0,9.034741e-06,1,0.9999989
655,13.004758507114788,80.25347927169832,0.9999989,0.9999989,0.0008181247,0.9999995,0.9999995,0.00037544678,0.9999999,0.9999999,0.00016748741,1.0,1.0,0.00032488396,1,0.9999989
656,13.004510766834057,80.25491373405114,0.9999989,0.9999989,0.0030460465,0.9999995,0.9999995,0.00029590898,0.9999999,0.9999999,0.00013989002,1.0,1.0,2.8767434e-05,1,0.9999989
657,13.004692890443515,80.25614714506841,0.9999989,0.9999989,0.00016724755,0.9999995,0.9999995,0.00010058508,0.9999999,0.9999999,0.00016149227,1.0,1.0,6.5652434e-06,1,0.9999989
658,13.004516672413924,80.25767498885808,0.9999989,0.9999989,3.6457983e-05,0.9999995,0.9999995,7.508092e-05,0.9999999,0.9999999,3.624498e-05,1.0,1.0,6.87666e-06,1,0.9999989
659,13.004739169602173,80.2591078744913,0.9999989,0.9999989,6.546149e-05,0.9999995,0.9999995,0.00042836394,0.9999999,0.9999999,0.0002367219,1.0,1.0,9.4617826e-05,1,0.9999989
660,13.004635040632524,80.2604224311492,0.9999989,0.9999989,0.0015662442,0.9999995,0.9999995,0.00018792071,0.9999999,0.9999999,0.0018446996,1.0,1.0,9.3822906e-05,1,0.9999989
661,13.004721518966733,80.26166953025916,0.9999989,0.9999989,0.00033180125,0.9999995,0.9999995,0.00094003516,0.9999999,0.9999999,0.00020038411,1.0,1.0,0.00023057016,1,0.9999989
662,13.00474634305242,80.26314236765649,0.9999989,0.9999989,0.00034921497,0.9999995,0.9999995,0.0006366037,0.9999999,0.9999999,0.00016501664,1.0,1.0,3.693343e-05,1,0.9999989
663,13.00466180683903,80.26453696197623,0.9999989,0.9999989,3.8382525e-05,0.9999995,0.9999995,3.5554705e-05,0.9999999,0.9999999,5.4187814e-05,1.0,1.0,4.937818e-06,1,0.9999989
664,13.004552799581202,80.26589143518142,0.9999989,0.9999989,0.0001042923,0.9999995,0.9999995,0.00018006383,0.9999999,0.9999999,2.910204e-05,1.0,1.0,6.81108e-06,1,0.9999989
665,13.004643349931435,80.26741386916133,0.9999989,0.9999989,0.0005841159,0.9999995,0.9999995,5.571826e-05,0.9999999,0.9999999,0.0002885042,1.0,1.0,2.054665e-05,1,0.9999989
666,13.00476969528033,80.2687308106004,0.9999989,0.9999989,0.0025484797,0.9999995,0.9999995,0.0011575986,0.9999999,0.9999999,0.0026387926,1.0,1.0,0.0006834434,1,0.9999989
667,13.006087578724875,80.23012821533905,0.99999905,0.99999905,0.000104617495,0.99999964,0.99999964,5.6634504e-05,0.9999999,0.9999999,1.5436732e-05,1.0,1.0,1.2786304e-05,1,0.99999905
668,13.006017141401644,80.23129648286942,0.9999989,0.9999989,0.0052012205,0.99999964,0.99999964,0.004196011,0.9999999,0.9999999,0.00038392923,1.0,1.0,0.0065034204,1,0.9999989
669,13.005957904402582,80.23287035235064,0.9999989,0.9999989,5.3746055e-05,0.99999964,0.99999964,7.41287e-05,0.9999999,0.9999999,0.00016040613,1.0,1.0,1.0616771e-05,1,0.9999989
670,13.006075537972235,80.23403832376728,0.9999989,0.9999989,0.000111435475,0.99999964,0.99999964,0.00010402893,0.9999999,0.9999999,0.00010615859,1.0,1.0,6.8383095e-05,1,0.9999989
671,13.006009088936514,80.23552648749654,0.9999989,0.9999989,7.8027355e-05,0.99999964,0.99999964,0.00018702078,0.9999999,0.9999999,5.5905126e-05,1.0,1.0,1.6024733e-05,1,0.9999989
672,13.006020628305038,80.23704776390115,0.9999989,0.9999989,0.00053463015,0.9999995,0.9999995,0.00010766301,0.9999999,0.9999999,0.00013210313,1.0,1.0,9.417832e-05,1,0.9999989
673,13.005956697188623,80.23827654796254,0.99999905,0.99999905,9.5077594e-05,0.99999964,0.99999964,0.0042932522,0.9999999,0.9999999,1.8143608e-05,1.0,1.0,5.836256e-06,1,0.99999905
674,13.005888896626818,80.23965739515103,0.99999905,0.99999905,0.00094761426,0.9999995,0.9999995,0.0006684848,0.9999999,0.9999999,0.010507466,1.0,1.0,0.00066406105,1,0.99999905
675,13.006082747985516,80.24114458363822,0.999999,0.99999905,4.3044107e-05,0.9999995,0.9999995,0.0011668878,0.9999999,0.9999999,0.0002246887,1.0,1.0,8.526028e-06,1,0.999999
676,13.005938860030131,80.24238631465977,0.9999989,0.99999905,2.2673974e-05,0.9999995,0.9999995,1.6091133e-05,0.9999999,0.9999999,6.2062268e-06,1.0,1.0,1.2499635e-06,1,0.9999989
677,13.00586344871243,80.24393236025932,0.9999989,0.9999989,0.0002560059,0.9999995,0.9999995,0.00036414005,0.9999999,0.9999999,8.447617e-06,1.0,1.0,1.7598826e-05,1,0.9999989
678,13.00598194638378,80.2452173690443,0.9999989,0.9999989,3.017035e-05,0.9999995,0.9999995,6.660589e-06,0.9999999,0.9999999,3.2492028e-06,1.0,1.0,5.2554656e-06,1,0.9999989
679,13.005901021838003,80.24664717842107,0.9999989,0.9999989,0.00034969646,0.9999995,0.9999995,0.000324726,0.9999999,0.9999999,0.0002342284,1.0,1.0,6.064359e-05,1,0.9999989
680,13.005958516171741,80.24802403296803,0.9999989,0.9999989,8.16284e-05,0.9999995,0.9999995,0.00016116796,0.9999999,0.9999999,6.2454026e-05,1.0,1.0,1.9429228e-05,1,0.9999989
681,13.005867794199588,80.2493931931733,0.9999989,0.9999989,0.0003010937,0.9999995,0.9999995,3.2825323e-05,0.9999999,0.9999999,8.548321e-05,1.0,1.0,1.55304e-05,1,0.9999989
682,13.005997732005223,80.25073265690534,0.9999989,0.9999989,7.9866135e-05,0.9999995,0.9999995,1.8827659e-05,0.9999999,0.9999999,0.000103975115,1.0,1.0,6.91711e-06,1,0.9999989
683,13.005894616507613,80.25204711446155,0.9999989,0.9999989,6.5615e-05,0.9999995,0.9999995,3.8533068e-05,0.9999999,0.9999999,1.9493928e-06,1.0,1.0,7.2004985e-07,1,0.9999989
684,13.005949732593818,80.25342284719432,0.9999989,0.9999989,0.00029360075,0.9999995,0.9999995,0.00027003454,0.9999999,0.9999999,0.00063568284,1.0,1.0,2.5249556e-05,1,0.9999989
685,13.006112285248598,80.2547803778554,0.9999989,0.9999989,0.00079869543,0.9999995,0.9999995,5.848698e-05,0.9999999,0.9999999,0.0002746246,1.0,1.0,0.0002565833,1,0.9999989
686,13.006075000791208,80.25624849712047,0.9999989,0.9999989,0.00014074906,0.9999995,0.9999995,5.2914365e-05,0.9999999,0.9999999,1.1651874e-05,1.0,1.0,1.2649689e-05,1,0.9999989
687,13.005878746482232,80.25778886901176,0.9999989,0.9999989,0.0012305396,0.9999995,0.9999995,0.0005870355,0.9999999,0.9999999,7.773301e-05,1.0,1.0,6.021674e-05,1,0.9999989
688,13.006091827817142,80.2590824873921,0.9999989,0.9999989,5.98527e-05,0.9999995,0.9999995,4.7916867e-05,0.9999999,0.9999999,0.00010161418,1.0,1.0,2.2086859e-05,1,0.9999989
689,13.005972608548714,80.26046054808805,0.9999989,0.9999989,6.444784e-05,0.9999995,0.9999995,1.6622971e-05,0.9999999,0.9999999,7.812009e-05,1.0,1.0,2.6901446e-06,1,0.9999989
690,13.0058666633721,80.26178724214314,0.9999989,0.9999989,0.0020041105,0.9999995,0.9999995,0.0010759227,0.9999999,0.9999999,0.00042425058,1.0,1.0,0.0001603356,1,0.9999989
691,13.006124742094013,80.26319875738189,0.9999989,0.9999989,0.0005509009,0.9999995,0.9999995,4.6987516e-05,0.9999999,0.9999999,0.00089962943,1.0,1.0,3.23895e-05,1,0.9999989
692,13.005867876184578,80.26469893819392,0.9999989,0.9999989,0.00012643234,0.9999995,0.9999995,0.0001596208,0.9999999,0.9999999,9.41871e-05,1.0,1.0,4.2381994e-06,1,0.9999989
693,13.00593831248655,80.26601187188847,0.9999989,0.9999989,0.0008088321,0.9999995,0.9999995,0.00010030909,0.9999999,0.9999999,0.00026928232,1.0,1.0,4.4511235e-05,1,0.9999989
694,13.005869146985027,80.26744929343332,0.9999989,0.9999989,0.000631645,0.9999995,0.9999995,0.00050999655,0.9999999,0.9999999,0.00022433339,1.0,1.0,0.00019347259,1,0.9999989
695,13.006082683006788,80.2688412714571,0.9999989,0.9999989,0.0001181982,0.9999995,0.9999995,2.702028e-05,0.9999999,0.9999999,8.4245825e-05,1.0,1.0,9.558402e-06,1,0.9999989
696,13.007220577884672,80.22989421067648,0.9999989,0.9999989,0.003119147,0.99999964,0.99999964,0.0015293318,0.9999999,0.9999999,0.00092234125,1.0,1.0,0.0007868291,1,0.9999989
697,13.007246431280375,80.2314754551133,0.9999989,0.9999989,0.0006074363,0.9999995,0.9999995,0.0011819564,0.9999999,0.9999999,0.00029713943,1.0,1.0,0.00028782486,1,0.9999989
698,13.007451242775229,80.23277541764665,0.9999989,0.9999989,0.00022510452,0.99999964,0.99999964,0.00038119283,0.9999999,0.9999999,0.00011046064,1.0,1.0,4.9006894e-06,1,0.9999989
699,13.007311507357585,80.2341673030206,0.9999989,0.9999989,0.00023808217,0.99999964,0.99999964,5.9400314e-05,0.9999999,0.9999999,6.3901505e-05,1.0,1.0,2.403705e-06,1,0.9999989
700,13.00722146528138,80.23551632400024,0.9999989,0.9999989,0.001883291,0.99999964,0.99999964,0.00407115,0.9999999,0.9999999,0.00031722288,1.0,1.0,8.435294e-05,1,0.9999989
701,13.007288174861252,80.23704405999474,0.99999905,0.99999905,0.00018317337,0.99999964,0.99999964,0.0009109108,0.9999999,0.9999999,0.0012753444,1.0,1.0,0.0001539149,1,0.99999905
702,13.007281543469793,80.23821138212827,0.99999905,0.99999905,8.949309e-06,0.9999995,0.9999995,3.5123965e-06,0.9999999,0.9999999,2.1796245e-06,1.0,1.0,6.4100414e-06,1,0.99999905
703,13.007229865088094,80.23980861446641,0.9999989,0.99999905,3.5061357e-06,0.9999995,0.9999995,5.298479e-06,0.9999999,0.9999999,1.1581513e-05,1.0,1.0,1.5710509e-07,1,0.9999989
704,13.007395214847593,80.24116464995438,0.999999,0.99999905,9.2328766e-05,0.9999995,0.9999995,7.579753e-06,0.9999999,0.9999999,0.00011590489,1.0,1.0,6.184632e-05,1,0.999999
705,13.007467453523294,80.24253722092985,0.999999,0.99999905,0.00029560103,0.9999995,0.9999995,0.0010853354,0.9999999,0.9999999,7.7486075e-05,1.0,1.0,9.163099e-05,1,0.999999
706,13.007458690895978,80.2439234601359,0.9999989,0.9999989,0.0012579866,0.9999995,0.9999995,0.00012276291,0.9999999,0.9999999,0.00021231052,1.0,1.0,7.213586e-05,1,0.9999989
707,13.007418915351753,80.24510853003014,0.9999989,0.9999989,0.0012403502,0.9999995,0.9999995,0.0006921752,0.9999999,0.9999999,9.3059505e-05,1.0,1.0,0.00011371224,1,0.9999989
708,13.007350924073432,80.24660722663901,0.9999989,0.9999989,4.0434347e-06,0.9999995,0.9999995,1.9311212e-05,0.9999999,0.9999999,9.1861424e-05,1.0,1.0,2.013822e-06,1,0.9999989
709,13.007466350292503,80.24808780898891,0.9999989,0.9999989,0.00043777152,0.9999995,0.9999995,0.00065642194,0.9999999,0.9999999,6.252538e-05,1.0,1.0,6.555118e-05,1,0.9999989
710,13.007334604309074,80.2494170129274,0.9999989,0.9999989,0.0022294563,0.9999995,0.9999995,0.00012388075,0.9999999,0.9999999,0.019685896,1.0,1.0,0.00011477289,1,0.9999989
711,13.007308572077962,80.25073118459446,0.9999989,0.9999989,8.5608786e-05,0.9999995,0.9999995,0.00011082504,0.9999999,0.9999999,7.705722e-05,1.0,1.0,7.321941e-06,1,0.9999989
712,13.007309964114738,80.25208784661855,0.9999989,0.9999989,0.00011660978,0.9999995,0.9999995,4.7719324e-05,0.9999999,0.9999999,3.0227277e-05,1.0,1.0,6.3989355e-05,1,0.9999989
713,13.007225324133667,80.25339554326065,0.9999989,0.9999989,0.00045000977,0.9999995,0.9999995,0.00085908663,0.9999999,0.9999999,6.454026e-05,1.0,1.0,8.5866835e-05,1,0.9999989
714,13.007324669302818,80.25496929615841,0.9999989,0.9999989,2.007248e-05,0.9999995,0.9999995,0.00032552192,0.9999999,0.9999999,1.568489e-05,1.0,1.0,3.54886e-06,1,0.9999989
715,13.007369445115522,80.25639389077227,0.9999989,0.9999989,0.0029861056,0.9999995,0.9999995,0.00030603452,0.9999999,0.9999999,0.0052625854,1.0,1.0,8.790481e-05,1,0.9999989
716,13.007246907116794,80.25752909692467,0.9999989,0.9999989,0.00013938927,0.9999995,0.9999995,0.00011740392,0.9999999,0.9999999,0.0064948318,1.0,1.0,0.00012836093,1,0.9999989
717,13.007467409995812,80.25895917582116,0.9999989,0.9999989,0.0021899992,0.9999995,0.9999995,0.00043010933,0.9999999,0.9999999,0.00073322584,1.0,1.0,4.5317385e-05,1,0.9999989
718,13.007343448349719,80.26034562217112,0.9999989,0.9999989,8.091916e-05,0.9999995,0.9999995,5.6826443e-06,0.9999999,0.9999999,5.1878404e-05,1.0,1.0,1.792359e-06,1,0.9999989
719,13.007467802568268,80.26192694112414,0.9999989,0.9999989,0.00016961519,0.9999995,0.9999995,4.238123e-05,0.9999999,0.9999999,2.8412298e-05,1.0,1.0,0.00011119101,1,0.9999989
720,13.007217692501927,80.2631162711002,0.9999989,0.9999989,2.2460548e-05,0.9999995,0.9999995,1.168747e-05,0.9999999,0.9999999,1.8191431e-05,1.0,1.0,6.1201854e-06,1,0.9999989
721,13.00722152222748,80.26447626482793,0.9999989,0.9999989,7.1924595e-05,0.9999995,0.9999995,5.664448e-05,0.9999999,0.9999999,6.9924577e-06,1.0,1.0,2.524926e-06,1,0.9999989
722,13.00735768138199,80.26587063177071,0.9999989,0.9999989,0.00022776262,0.9999995,0.9999995,1.18694625e-05,0.9999999,0.9999999,0.00018688133,1.0,1.0,4.6576602e-05,1,0.9999989
723,13.007349232541438,80.26745190974884,0.9999989,0.9999989,0.00013710251,0.9999995,0.9999995,5.36445e-05,0.9999999,0.9999999,2.6265441e-05,1.0,1.0,7.95433e-06,1,0.9999989
724,13.007258857505843,80.26875556465447,0.9999989,0.9999989,0.00017331315,0.9999995,0.9999995,4.0808165e-05,0.9999999,0.9999999,8.988344e-05,1.0,1.0,2.5821331e-05,1,0.9999989
725,13.008718412390023,80.23008313438487,0.9999989,0.9999989,0.00031114227,0.99999964,0.99999964,0.0012154811,0.9999999,0.9999999,0.0011622073,1.0,1.0,0.0003805093,1,0.9999989
726,13.008807629295834,80.23148359453059,0.9999989,0.9999989,0.00043626755,0.99999964,0.99999964,0.00018888227,0.9999999,0.9999999,8.1785656e-05,1.0,1.0,7.351445e-05,1,0.9999989
727,13.008576332840084,80.23272369855466,0.9999989,0.9999989,0.00045114217,0.9999995,0.9999995,0.00028006098,0.9999999,0.9999999,3.0987645e-05,1.0,1.0,0.000107390515,1,0.9999989
728,13.00866991777733,80.23407284682614,0.999999,0.99999905,0.0004333096,0.99999964,0.99999964,0.00013619229,0.9999999,0.9999999,8.993226e-05,1.0,1.0,9.899985e-05,1,0.999999
729,13.008653874368248,80.23565479968946,0.9999989,0.9999989,0.0005305244,0.9999995,0.9999995,0.0009865508,0.9999999,0.9999999,0.00086540385,1.0,1.0,0.0002314788,1,0.9999989
730,13.008697577261653,80.23698930361348,0.9999989,0.9999989,4.5328066e-05,0.99999964,0.99999964,0.00020040493,0.9999999,0.9999999,5.0695588e-05,1.0,1.0,5.5952355e-06,1,0.9999989
731,13.008638358098912,80.238209569246,0.99999905,0.99999905,0.0018397574,0.99999964,0.99999964,0.00081103656,0.9999999,0.9999999,0.008768414,1.0,1.0,4.3498498e-05,1,0.99999905
732,13.008733251903006,80.23972254900909,0.99999905,0.99999905,8.026497e-05,0.99999964,0.99999964,0.0002495875,0.9999999,0.9999999,1.1127902e-05,1.0,1.0,1.4737567e-05,1,0.99999905
733,13.00861354085593,80.24104501861663,0.99999905,0.99999905,0.00013162274,0.9999995,0.99999964,0.00010156889,0.9999999,0.9999999,1.545353e-05,1.0,1.0,7.117049e-06,1,0.99999905
734,13.008597432548065,80.24250731957389,0.9999989,0.9999989,0.008944308,0.9999995,0.9999995,0.0007130441,0.9999999,0.9999999,0.037310146,1.0,1.0,0.0026747664,1,0.9999989
735,13.008602561151395,80.24394960077987,0.9999989,0.9999989,0.0003490588,0.9999995,0.9999995,0.0013981559,0.9999999,0.9999999,4.7808135e-05,1.0,1.0,1.602176e-05,1,0.9999989
736,13.008686035133607,80.24510310279756,0.9999989,0.9999989,8.455389e-05,0.9999995,0.9999995,6.086535e-05,0.9999999,0.9999999,1.5348047e-05,1.0,1.0,4.2640742e-05,1,0.9999989
737,13.008688876998253,80.24660000077317,0.9999989,0.9999989,0.0034129478,0.9999995,0.9999995,0.00061323267,0.9999999,0.9999999,0.03254128,1.0,1.0,0.00065936573,1,0.9999989
738,13.008820018386517,80.24795996034206,0.9999989,0.9999989,0.0003199508,0.9999995,0.9999995,0.0004332136,0.9999999,0.9999999,0.0008917274,1.0,1.0,6.157525e-05,1,0.9999989
739,13.008680725812292,80.24935656498691,0.9999989,0.9999989,9.579133e-05,0.9999995,0.9999995,4.5023375e-05,0.9999999,0.9999999,5.7371122e-05,1.0,1.0,3.5017758e-06,1,0.9999989
740,13.0085699314826,80.2507216045921,0.9999989,0.9999989,7.004796e-05,0.9999995,0.9999995,9.018764e-05,0.9999999,0.9999999,0.00026973643,1.0,1.0,7.293885e-05,1,0.9999989
741,13.008613358185132,80.25215183470894,0.9999989,0.9999989,0.00017549326,0.9999995,0.9999995,1.1921456e-05,0.9999999,0.9999999,2.2172802e-05,1.0,1.0,1.14922495e-05,1,0.9999989
742,13.008565621666014,80.25354706731991,0.9999989,0.9999989,2.0069527e-05,0.9999995,0.9999995,2.8791306e-05,0.9999999,0.9999999,2.0819094e-05,1.0,1.0,6.3767707e-06,1,0.9999989
743,13.008678316137015,80.25502503110896,0.9999989,0.9999989,0.00051324174,0.9999995,0.9999995,0.0010798129,0.9999999,0.9999999,0.0017594236,1.0,1.0,5.1136885e-05,1,0.9999989
744,13.008680082960826,80.2563845067737,0.9999989,0.9999989,5.6088847e-05,0.9999995,0.9999995,0.00063543144,0.9999999,0.9999999,5.897147e-05,1.0,1.0,2.7715543e-05,1,0.9999989
745,13.00877350347094,80.25753605416287,0.9999989,0.9999989,0.0003554123,0.9999995,0.9999995,0.0003959163,0.9999999,0.9999999,2.882118e-05,1.0,1.0,3.2455348e-05,1,0.9999989
746,13.008762600713522,80.2590815233186,0.9999989,0.9999989,0.00014711385,0.9999995,0.9999995,0.00072239793,0.9999999,0.9999999,2.088574e-05,1.0,1.0,3.1194533e-05,1,0.9999989
747,13.008723842097822,80.26040355545727,0.9999989,0.9999989,0.00028031698,0.9999995,0.9999995,0.00012557243,0.9999999,0.9999999,0.00010854845,1.0,1.0,6.55725e-05,1,0.9999989
748,13.008721990327778,80.261904829401,0.9999989,0.9999989,0.0014685508,0.9999995,0.9999995,0.0018537402,0.9999999,0.9999999,0.00027089115,1.0,1.0,0.00077069236,1,0.9999989
749,13.008730469707448,80.26314705772239,0.9999989,0.9999989,0.000759918,0.9999995,0.9999995,0.0004840558,0.9999999,0.9999999,0.00026988972,1.0,1.0,0.0001797681,1,0.9999989
750,13.008810794186825,80.26461960128363,0.9999989,0.9999989,0.00011030853,0.9999995,0.9999995,0.00015519989,0.9999999,0.9999999,9.288265e-05,1.0,1.0,2.980251e-05,1,0.9999989
751,13.008666479096547,80.26591925063391,0.9999989,0.9999989,1.3461935e-05,0.9999995,0.9999995,0.000175434,0.9999999,0.9999999,1.5320986e-05,1.0,1.0,3.6424037e-06,1,0.9999989
752,13.0086882219677,80.26742416197413,0.9999989,0.9999989,0.00018837003,0.9999995,0.9999995,0.001065143,0.9999999,0.9999999,0.0013848669,1.0,1.0,3.7804875e-05,1,0.9999989
753,13.008675811030685,80.26878614946895,0.9999989,0.9999989,0.00066275353,0.9999995,0.9999995,4.1572603e-05,0.9999999,0.9999999,0.001311446,1.0,1.0,2.0283489e-05,1,0.9999989
754,13.010100216630306,80.22992131262401,0.9999989,0.9999989,6.325355e-05,0.99999964,0.99999964,0.00024061342,0.9999999,0.9999999,2.2162923e-05,1.0,1.0,5.1003976e-06,1,0.9999989
755,13.009952906125658,80.23128086898193,0.99999905,0.99999905,0.0025677753,0.9999996,0.99999964,0.0028113292,0.9999999,0.9999999,0.0009957429,1.0,1.0,0.000284574,1,0.99999905
756,13.010100773392095,80.23280084245333,0.99999905,0.99999905,0.0012677271,0.99999964,0.99999964,7.063507e-05,0.9999999,0.9999999,0.00034513333,1.0,1.0,1.8551125e-05,1,0.99999905
757,13.009972849397455,80.23425780987255,0.9999989,0.9999989,0.0032885878,0.99999964,0.99999964,0.0003572831,0.9999999,0.9999999,0.00042011525,1.0,1.0,2.3668708e-05,1,0.9999989
758,13.01015703736784,80.235423866724,0.999999,0.99999905,0.0027944332,0.99999964,0.99999964,0.00088217744,0.9999999,0.9999999,0.022015708,1.0,1.0,0.00023281225,1,0.999999
759,13.009952659086148,80.23681883561379,0.99999905,0.99999905,0.00012701094,0.99999964,0.99999964,0.0006993109,0.9999999,0.9999999,0.0004777522,1.0,1.0,1.8656034e-05,1,0.99999905
760,13.0100420565992,80.23823958352361,0.99999905,0.99999905,0.0012346276,0.99999964,0.99999964,6.919152e-05,0.9999999,0.9999999,0.0011058023,1.0,1.0,0.000118298434,1,0.99999905
761,13.010104351245815,80.23978606030346,0.9999989,0.99999905,0.004955246,0.9999995,0.9999995,0.0025903082,0.9999999,0.9999999,0.0004815364,1.0,1.0,0.00048502823,1,0.9999989
762,13.009946599146945,80.24112063404259,0.9999989,0.9999989,0.0024589042,0.9999995,0.9999995,0.0003070925,0.9999999,0.9999999,0.00078146183,1.0,1.0,0.00040387036,1,0.9999989
763,13.010028316095804,80.24240658371068,0.9999989,0.99999905,0.0019646646,0.9999995,0.9999995,0.012183296,0.9999999,0.9999999,0.000695075,1.0,1.0,0.0003573461,1,0.9999989
764,13.00997307663552,80.24373131445891,0.9999989,0.9999989,0.0002766427,0.9999995,0.9999995,0.0003606807,0.9999999,0.9999999,6.010834e-06,1.0,1.0,1.5097078e-05,1,0.9999989
765,13.009933689237801,80.245158700451,0.9999989,0.9999989,0.0010854489,0.9999995,0.9999995,0.0010689105,0.9999999,0.9999999,3.0992667e-06,1.0,1.0,1.5281657e-05,1,0.9999989
766,13.010089389560708,80.24660848893384,0.9999989,0.9999989,0.0011759208,0.9999995,0.9999995,4.7803784e-05,0.9999999,0.9999999,0.0060661007,1.0,1.0,0.0007872062,1,0.9999989
767,13.010029048626079,80.24785852979876,0.9999989,0.9999989,0.0052627474,0.9999995,0.9999995,0.0016651464,0.9999999,0.9999999,0.00018639838,1.0,1.0,0.00010681261,1,0.9999989
768,13.010100967515907,80.2494384124505,0.9999989,0.9999989,0.0004006847,0.9999995,0.9999995,0.0006333056,0.9999999,0.9999999,0.00034425847,1.0,1.0,2.3472787e-05,1,0.9999989
769,13.01002018701938,80.25083038409984,0.9999989,0.9999989,0.0007972287,0.9999995,0.9999995,0.0006007085,0.9999999,0.9999999,0.00018844224,1.0,1.0,1.8270779e-05,1,0.9999989
770,13.009964270500706,80.25221478365967,0.9999989,0.9999989,7.727456e-05,0.9999995,0.9999995,0.000104765866,0.9999999,0.9999999,0.0001297798,1.0,1.0,1.3882814e-05,1,0.9999989
771,13.009946915803942,80.25347051136444,0.9999989,0.9999989,0.00090376823,0.9999995,0.9999995,0.00012653577,0.9999999,0.9999999,0.002737466,1.0,1.0,0.0001152297,1,0.9999989
772,13.010005046718241,80.2548828977044,0.9999989,0.9999989,0.00012922093,0.9999995,0.9999995,8.5943415e-05,0.9999999,0.9999999,0.001002574,1.0,1.0,4.353949e-05,1,0.9999989
773,13.010101989052094,80.25620312004861,0.9999989,0.9999989,0.0010865848,0.9999995,0.9999995,7.511582e-05,0.9999999,0.9999999,0.00054873363,1.0,1.0,1.7313994e-05,1,0.9999989
774,13.009972908101927,80.2576061707341,0.9999989,0.9999989,0.0077125863,0.9999995,0.9999995,0.0009544984,0.9999999,0.9999999,0.0021410154,1.0,1.0,0.00016258225,1,0.9999989
775,13.01001764867999,80.25893845208802,0.9999989,0.9999989,0.0018543492,0.9999995,0.9999995,0.00010456774,0.9999999,0.9999999,0.002031986,1.0,1.0,7.2799805e-05,1,0.9999989
776,13.009998905724421,80.26036892662373,0.9999989,0.9999989,0.00011718581,0.9999995,0.9999995,6.6414985e-05,0.9999999,0.9999999,2.1505946e-05,1.0,1.0,9.068307e-05,1,0.9999989
777,13.01010505447985,80.26173328783743,0.9999989,0.9999989,0.00011387328,0.9999995,0.9999995,2.0779646e-05,0.9999999,0.9999999,2.3991577e-06,1.0,1.0,7.1515115e-07,1,0.9999989
778,13.010033578472745,80.26330811647313,0.9999989,0.9999989,0.00013356656,0.9999995,0.9999995,0.00016235931,0.9999999,0.9999999,1.065401e-05,1.0,1.0,3.9366456e-05,1,0.9999989
779,13.010133086312436,80.26461162045523,0.9999989,0.9999989,0.0008576343,0.9999995,0.9999995,0.00053376006,0.9999999,0.9999999,0.00017677835,1.0,1.0,1.7719354e-05,1,0.9999989
780,13.010064727762703,80.2660929178473,0.9999989,0.9999989,0.0010086033,0.9999995,0.9999995,9.201732e-05,0.9999999,0.9999999,0.00047646137,1.0,1.0,0.00056322064,1,0.9999989
781,13.010144253030893,80.26744563994352,0.9999989,0.9999989,0.00013823251,0.9999995,0.9999995,2.5925661e-05,0.9999999,0.9999999,5.505394e-06,1.0,1.0,4.4056155e-06,1,0.9999989
782,13.010023607094272,80.26880132754677,0.9999989,0.9999989,0.00012059888,0.9999995,0.9999995,0.00025823075,0.9999999,0.9999999,5.0317936e-05,1.0,1.0,3.3455606e-05,1,0.9999989
783,13.011251115403033,80.22988415701279,0.99999905,0.99999905,1.3026748e-05,0.9999995,0.9999995,1.1386793e-05,0.9999999,0.9999999,6.5036834e-06,1.0,1.0,2.2914376e-06,1,0.99999905
784,13.01138007039174,80.23137657704721,0.99999905,0.99999905,0.0013148462,0.99999964,0.99999964,0.00438919,0.9999999,0.9999999,0.003746187,1.0,1.0,0.00088452676,1,0.99999905
785,13.011399973235187,80.232740144243,0.99999905,0.99999905,2.9130275e-05,0.9999995,0.99999964,7.687303e-05,0.9999999,0.9999999,6.0145408e-06,1.0,1.0,5.007552e-06,1,0.99999905
786,13.01147231756408,80.23416307543435,0.99999905,0.99999905,0.00085711543,0.99999964,0.99999964,0.00024277394,0.9999999,0.9999999,0.00013642275,1.0,1.0,0.00014072585,1,0.99999905
787,13.011307539795055,80.23542329499729,0.99999905,0.99999905,0.014617554,0.9999995,0.9999995,0.00666779,0.9999999,0.9999999,0.006894725,1.0,1.0,0.0026038026,1,0.99999905
788,13.011475342310627,80.23699545239873,0.99999905,0.99999905,8.3826046e-05,0.9999995,0.9999995,0.0015574952,0.9999999,0.9999999,5.1504478e-05,1.0,1.0,1.01725545e-05,1,0.99999905
789,13.01148209989664,80.23843415368681,0.9999989,0.99999905,0.0010074709,0.9999995,0.9999995,0.00023858515,0.9999999,0.9999999,0.0030694192,1.0,1.0,3.7526162e-05,1,0.9999989
790,13.01133157059182,80.23978801665146,0.9999989,0.99999905,0.00037540274,0.9999995,0.9999995,0.00055406074,0.9999999,0.9999999,0.0006523331,1.0,1.0,0.00025387286,1,0.9999989
791,13.011319103064562,80.24103586445435,0.9999989,0.9999989,0.00023132945,0.9999995,0.9999995,0.0009514779,0.9999999,0.9999999,0.00011381562,1.0,1.0,2.8138124e-06,1,0.9999989
792,13.011499857713156,80.24247534528163,0.9999989,0.9999989,0.0004943308,0.9999995,0.9999995,0.0007037714,0.9999999,0.9999999,3.0594394e-05,1.0,1.0,9.487738e-05,1,0.9999989
793,13.011396964188455,80.24378585948736,0.9999989,0.9999989,6.5459906e-05,0.9999995,0.9999995,0.00013716627,0.9999999,0.9999999,6.271864e-05,1.0,1.0,1.686874e-05,1,0.9999989
794,13.011292615875094,80.2451553722466,0.9999989,0.9999989,0.00041617206,0.9999995,0.9999995,0.00029877786,0.9999999,0.9999999,2.5798492e-05,1.0,1.0,0.00013966535,1,0.9999989
795,13.01126247179607,80.24651028927383,0.9999989,0.9999989,8.8896166e-05,0.9999995,0.9999995,0.00032842188,0.9999999,0.9999999,3.376086e-05,1.0,1.0,6.8154573e-06,1,0.9999989
796,13.011355429287258,80.24810174068882,0.9999989,0.9999989,0.0004017931,0.9999995,0.9999995,0.0001432474,0.9999999,0.9999999,0.00043123402,1.0,1.0,0.00016513336,1,0.9999989
797,13.011430469674659,80.24945276945604,0.9999989,0.9999989,8.743148e-05,0.9999995,0.9999995,4.9600985e-05,0.9999999,0.9999999,4.2350108e-05,1.0,1.0,4.280366e-06,1,0.9999989
798,13.011294141819976,80.25065803487915,0.9999989,0.9999989,8.034494e-05,0.9999995,0.9999995,2.496957e-05,0.9999999,0.9999999,6.665618e-06,1.0,1.0,5.277691e-06,1,0.9999989
799,13.01131819395725,80.25221241370798,0.9999989,0.9999989,7.786251e-06,0.9999995,0.9999995,1.43011985e-05,0.9999999,0.9999999,1.3671371e-06,1.0,1.0,1.1679437e-06,1,0.9999989
800,13.011284599911454,80.25362331289692,0.9999989,0.9999989,6.9719725e-05,0.9999995,0.9999995,0.00010415624,0.9999999,0.9999999,6.147134e-06,1.0,1.0,4.3122156e-05,1,0.9999989
801,13.011466351206282,80.25494104075665,0.9999989,0.9999989,0.0008050573,0.9999995,0.9999995,0.00068122783,0.9999999,0.9999999,0.00015676569,1.0,1.0,0.00041660652,1,0.9999989
802,13.011321291959272,80.25620155165815,0.9999989,0.9999989,0.010082464,0.9999995,0.9999995,0.0008083526,0.9999999,0.9999999,0.0013389412,1.0,1.0,0.0023540175,1,0.9999989
803,13.011318163206637,80.2577861313914,0.9999989,0.9999989,8.1853024e-05,0.9999995,0.9999995,0.00034544655,0.9999999,0.9999999,8.821358e-06,1.0,1.0,2.2721191e-05,1,0.9999989
804,13.01136341598814,80.25902116693344,0.9999989,0.9999989,0.002122453,0.9999995,0.9999995,0.00020187504,0.9999999,0.9999999,0.00016249434,1.0,1.0,0.0018385913,1,0.9999989
805,13.01145592645163,80.2603551171894,0.9999989,0.9999989,1.4454879e-05,0.9999995,0.9999995,0.000711719,0.9999999,0.9999999,4.4161625e-06,1.0,1.0,1.916889e-05,1,0.9999989
806,13.011348810100872,80.26188149196444,0.9999989,0.9999989,0.000117082905,0.9999995,0.9999995,0.00026331947,0.9999999,0.9999999,2.6316933e-05,1.0,1.0,2.443753e-05,1,0.9999989
807,13.011304278189312,80.26328187556466,0.9999989,0.9999989,0.0038364325,0.9999995,0.9999995,0.0005026739,0.9999999,0.9999999,0.0016360773,1.0,1.0,7.791603e-05,1,0.9999989
808,13.011400781718146,80.26443497303758,0.9999989,0.9999989,0.0009879775,0.9999995,0.9999995,0.000161404,0.9999999,0.9999999,5.8847974e-05,1.0,1.0,0.00015784135,1,0.9999989
809,13.011257270295518,80.26609160359284,0.9999989,0.9999989,0.000716087,0.9999995,0.9999995,0.00030898367,0.9999999,0.9999999,0.00022382232,1.0,1.0,3.1314565e-05,1,0.9999989
810,13.011386699957573,80.26725707518881,0.9999989,0.9999989,0.0054533468,0.9999995,0.9999995,0.0014615128,0.9999999,0.9999999,0.0016104857,1.0,1.0,0.0011987569,1,0.9999989
811,13.011270852139369,80.26880644123962,0.9999989,0.9999989,0.00014464905,0.9999995,0.9999995,0.00058259134,0.9999999,0.9999999,2.8988763e-05,1.0,1.0,3.6187124e-05,1,0.9999989
812,13.012795654635477,80.22997102436057,0.9999989,0.9999989,0.0001472961,0.9999995,0.9999995,0.0013709416,0.9999999,0.9999999,8.1467035e-05,1.0,1.0,0.00011692107,1,0.9999989
813,13.012645212833423,80.23134735467973,0.99999905,0.99999905,3.2663356e-05,0.9999995,0.9999995,0.0011421993,0.9999999,0.9999999,0.000121140445,1.0,1.0,3.65433e-06,1,0.99999905
814,13.01270482809567,80.23268154691777,0.99999905,0.99999905,0.001263588,0.9999995,0.9999995,0.0010670365,0.9999999,0.9999999,0.0017308122,1.0,1.0,7.6331184e-05,1,0.99999905
815,13.012826575930083,80.23414295569842,0.999999,0.99999905,0.00027348474,0.9999995,0.9999995,7.7009965e-05,0.9999999,0.9999999,4.5939938e-05,1.0,1.0,2.3730545e-06,1,0.999999
816,13.012780381410689,80.23557087495593,0.999999,0.99999905,0.00025758275,0.9999995,0.9999995,0.00035354553,0.9999999,0.9999999,9.788105e-05,1.0,1.0,0.00015291355,1,0.999999
817,13.012705311742826,80.23704799702068,0.9999989,0.9999989,0.00053871836,0.9999995,0.9999995,7.598015e-05,0.9999999,0.9999999,7.4432714e-06,1.0,1.0,1.0932686e-05,1,0.9999989
818,13.012843158543246,80.23827056699922,0.9999989,0.99999905,0.0021805798,0.9999995,0.9999995,0.001140552,0.9999999,0.9999999,0.012260174,1.0,1.0,0.0010349199,1,0.9999989
819,13.012791003030825,80.2396098948671,0.999999,0.99999905,2.4108862e-05,0.9999995,0.9999995,0.00016546644,0.9999999,0.9999999,6.4320566e-06,1.0,1.0,7.1640505e-07,1,0.999999
820,13.01262067588866,80.2411334715054,0.9999989,0.9999989,0.00088034594,0.9999995,0.9999995,5.5939458e-05,0.9999999,0.9999999,0.00050664775,1.0,1.0,0.00012830061,1,0.9999989
821,13.012648372926177,80.24243715891073,0.9999989,0.9999989,0.00017709951,0.9999995,0.9999995,9.3828654e-05,0.9999999,0.9999999,1.8469467e-05,1.0,1.0,4.5080064e-06,1,0.9999989
822,13.012719321265866,80.24374181035124,0.9999989,0.9999989,7.326984e-05,0.9999995,0.9999995,0.00021644714,0.9999999,0.9999999,0.00011036065,1.0,1.0,3.3034168e-05,1,0.9999989
823,13.012808855672217,80.24515347218691,0.9999989,0.9999989,0.0006899264,0.9999995,0.9999995,0.0006582807,0.9999999,0.9999999,0.0001446114,1.0,1.0,1.0584211e-05,1,0.9999989
824,13.012810650540434,80.24670732777264,0.9999989,0.9999989,0.0005800332,0.9999995,0.9999995,0.0048890514,0.9999999,0.9999999,0.00038079094,1.0,1.0,9.482667e-05,1,0.9999989
825,13.012668200070186,80.24791276625298,0.9999989,0.9999989,0.00010820788,0.9999995,0.9999995,0.00014248937,0.9999999,0.9999999,2.6847703e-05,1.0,1.0,8.191235e-06,1,0.9999989
826,13.012630714542617,80.24929252305786,0.9999989,0.9999989,0.01591268,0.9999995,0.9999995,0.00040980705,0.9999999,0.9999999,6.0907754e-05,1.0,1.0,3.521581e-05,1,0.9999989
827,13.012702671882385,80.25086598649318,0.9999989,0.9999989,0.000514018,0.9999995,0.9999995,0.00046123128,0.9999999,0.9999999,0.000110808585,1.0,1.0,6.232893e-05,1,0.9999989
828,13.01282249489326,80.2520499806443,0.9999989,0.9999989,6.483388e-05,0.9999995,0.9999995,0.0002433115,0.9999999,0.9999999,0.00011745185,1.0,1.0,0.00014079822,1,0.9999989
829,13.01260378642055,80.25348112768427,0.9999989,0.9999989,0.00027046152,0.9999995,0.9999995,0.001789155,0.9999999,0.9999999,8.1404454e-05,1.0,1.0,3.471272e-05,1,0.9999989
830,13.012766596390703,80.25479839167997,0.9999989,0.9999989,0.00040828387,0.9999995,0.9999995,0.00062919233,0.9999999,0.9999999,0.00017401071,1.0,1.0,5.3925945e-05,1,0.9999989
831,13.012651168088906,80.256353018505,0.9999989,0.9999989,0.0014869276,0.9999995,0.9999995,2.4340476e-05,0.9999999,0.9999999,0.0007446633,1.0,1.0,0.00016603252,1,0.9999989
832,13.012823660740244,80.25777309819189,0.9999989,0.9999989,0.00043807656,0.9999995,0.9999995,0.00012858448,0.9999999,0.9999999,0.00051021227,1.0,1.0,9.145547e-05,1,0.9999989
833,13.01265567583908,80.25913689312364,0.9999989,0.9999989,0.016045194,0.9999995,0.9999995,0.0012836645,0.9999999,0.9999999,0.0014719527,1.0,1.0,0.0017089038,1,0.9999989
834,13.012828087551085,80.2602991107779,0.9999989,0.9999989,8.516977e-06,0.9999995,0.9999995,2.3807668e-05,0.9999999,0.9999999,1.7622699e-06,1.0,1.0,3.5218864e-06,1,0.9999989
835,13.012761116523874,80.26175259370191,0.9999989,0.9999989,0.00014878056,0.9999995,0.9999995,0.0001089941,0.9999999,0.9999999,0.00016073992,1.0,1.0,4.1028983e-05,1,0.9999989
836,13.012628896853736,80.26326108837233,0.9999989,0.9999989,0.0005198903,0.9999995,0.9999995,0.0012909836,0.9999999,0.9999999,0.0002014179,1.0,1.0,2.6426163e-05,1,0.9999989
837,13.012847245272829,80.26464974374971,0.9999989,0.9999989,0.0011078784,0.9999995,0.9999995,0.00019700477,0.9999999,0.9999999,0.0011842701,1.0,1.0,7.280645e-05,1,0.9999989
838,13.012713229271082,80.26601811642364,0.9999989,0.9999989,0.0046348735,0.9999995,0.9999995,0.00036568128,0.9999999,0.9999999,0.0015738609,1.0,1.0,0.0003079073,1,0.9999989
839,13.012736468998424,80.2674420164233,0.9999989,0.9999989,8.0465e-05,0.9999995,0.9999995,0.00012737546,0.9999999,0.9999999,0.00027128385,1.0,1.0,1.7161693e-06,1,0.9999989
840,13.01281544357095,80.2687884167979,0.9999989,0.9999989,0.00016750513,0.9999995,0.9999995,0.00016881248,0.9999999,0.9999999,5.2043615e-05,1.0,1.0,1.741286e-05,1,0.9999989
841,13.014019364411462,80.2300689651576,0.9999989,0.9999989,0.0033061225,0.9999995,0.9999995,0.000558007,0.9999999,0.9999999,0.0009468071,1.0,1.0,0.0001670319,1,0.9999989
842,13.01400602008519,80.23127718739708,0.9999989,0.9999989,2.2051314e-05,0.9999995,0.9999995,0.00039200197,0.9999999,0.9999999,8.545295e-06,1.0,1.0,2.6602643e-06,1,0.9999989
843,13.014077958207611,80.23276656077562,0.9999989,0.9999989,0.00011093882,0.9999995,0.9999995,0.00010110949,0.9999999,0.9999999,0.00062582985,1.0,1.0,6.679218e-05,1,0.9999989
844,13.014048266754662,80.23417150594325,0.9999989,0.9999989,0.00011795785,0.9999995,0.9999995,9.044549e-05,0.9999999,0.9999999,0.00015313626,1.0,1.0,1.0586295e-05,1,0.9999989
845,13.01418787830141,80.23561087870323,0.9999989,0.9999989,0.00059041154,0.9999995,0.9999995,0.00027308654,0.9999999,0.9999999,0.0006471656,1.0,1.0,0.0003342282,1,0.9999989
846,13.014140277547014,80.2368443641742,0.9999989,0.9999989,0.00020975641,0.9999995,0.9999995,0.0008075939,0.9999999,0.9999999,3.2282573e-05,1.0,1.0,6.753879e-05,1,0.9999989
847,13.014082758848193,80.23834651974964,0.9999989,0.9999989,0.00029368384,0.9999995,0.9999995,5.5307405e-06,0.9999999,0.9999999,1.4382521e-05,1.0,1.0,5.3825684e-06,1,0.9999989
848,13.014156099243262,80.2395940344864,0.9999989,0.9999989,0.0012050045,0.9999995,0.9999995,0.009383445,0.9999999,0.9999999,0.0001628914,1.0,1.0,0.0002767223,1,0.9999989
849,13.014136319529012,80.24119046097682,0.9999989,0.9999989,0.0006212644,0.9999995,0.9999995,0.012271461,0.9999999,0.9999999,9.333481e-05,1.0,1.0,3.9755254e-05,1,0.9999989
850,13.014207020822413,80.24256151564128,0.9999989,0.9999989,0.001954666,0.9999995,0.9999995,0.00044393024,0.9999999,0.9999999,5.0128387e-05,1.0,1.0,0.00018628495,1,0.9999989
851,13.014113786440804,80.243787908861,0.9999989,0.9999989,0.00018317661,0.9999995,0.9999995,0.00025706366,0.9999999,0.9999999,4.238808e-05,1.0,1.0,9.8060664e-05,1,0.9999989
852,13.014207679324546,80.24520450140095,0.9999989,0.9999989,0.0006027467,0.9999995,0.9999995,9.52612e-05,0.9999999,0.9999999,0.0003098103,1.0,1.0,0.00016282655,1,0.9999989
853,13.014052921734024,80.24648225057634,0.9999989,0.9999989,7.533107e-05,0.9999995,0.9999995,5.655906e-05,0.9999999,0.9999999,6.561588e-05,1.0,1.0,1.4062456e-05,1,0.9999989
854,13.014018339375838,80.24808134192862,0.9999989,0.9999989,6.839603e-05,0.9999995,0.9999995,0.0024661333,0.9999999,0.9999999,9.845037e-06,1.0,1.0,3.1326257e-05,1,0.9999989
855,13.0140449469537,80.24943995620556,0.9999989,0.9999989,8.505365e-05,0.9999995,0.9999995,0.0036298188,0.9999999,0.9999999,0.00023361697,1.0,1.0,5.2211122e-05,1,0.9999989
856,13.014179894853532,80.25087599308077,0.9999989,0.9999989,0.00014051114,0.9999995,0.9999995,0.00038089036,0.9999999,0.9999999,0.00010595733,1.0,1.0,3.56764e-05,1,0.9999989
857,13.014149351360121,80.25207117495061,0.9999989,0.9999989,8.088559e-05,0.9999995,0.9999995,5.4481312e-05,0.9999999,0.9999999,0.00014110915,1.0,1.0,8.055659e-06,1,0.9999989
858,13.014105200190523,80.25346388624457,0.9999989,0.9999989,0.0007082078,0.9999995,0.9999995,0.0011899269,0.9999999,0.9999999,0.000180715,1.0,1.0,2.6224903e-05,1,0.9999989
859,13.014165359883894,80.25493572278506,0.9999989,0.9999989,0.00022574565,0.9999995,0.9999995,4.367918e-05,0.9999999,0.9999999,3.0530875e-05,1.0,1.0,4.501211e-06,1,0.9999989
860,13.014001120524048,80.25614324778424,0.9999989,0.9999989,0.005252438,0.9999995,0.9999995,0.0003165336,0.9999999,0.9999999,0.00042910528,1.0,1.0,0.00019018677,1,0.9999989
861,13.014093655202224,80.25771626785398,0.9999989,0.9999989,7.498829e-05,0.9999995,0.9999995,1.4163056e-05,0.9999999,0.9999999,1.75119e-05,1.0,1.0,8.789074e-06,1,0.9999989
862,13.013956668152208,80.25903932363951,0.9999989,0.9999989,0.0003705472,0.9999995,0.9999995,0.00032813183,0.9999999,0.9999999,7.908553e-05,1.0,1.0,1.0406829e-05,1,0.9999989
863,13.014174928197628,80.26038145865483,0.9999989,0.9999989,0.00030607777,0.9999995,0.9999995,0.0007547442,0.9999999,0.9999999,2.669904e-05,1.0,1.0,0.00016815019,1,0.9999989
864,13.014048626366003,80.26167656076022,0.9999989,0.9999989,0.0005286707,0.9999995,0.9999995,6.971925e-05,0.9999999,0.9999999,0.0015183778,1.0,1.0,1.6839123e-05,1,0.9999989
865,13.013955501455612,80.26331230520867,0.9999989,0.9999989,0.00012695444,0.9999995,0.9999995,5.4617973e-05,0.9999999,0.9999999,1.2054503e-05,1.0,1.0,1.0119524e-05,1,0.9999989
866,13.014011214323464,80.26464113320124,0.9999989,0.9999989,0.00028068127,0.9999995,0.9999995,3.166813e-05,0.9999999,0.9999999,0.00021802585,1.0,1.0,2.9107669e-05,1,0.9999989
867,13.014142849796723,80.26605634867138,0.9999989,0.9999989,0.0016693178,0.9999995,0.9999995,0.00022722849,0.9999999,0.9999999,0.0008061927,1.0,1.0,1.9201267e-05,1,0.9999989
868,13.013999979731544,80.26744451308882,0.9999989,0.9999989,0.0001666241,0.9999995,0.9999995,2.5456917e-05,0.9999999,0.9999999,3.7129157e-05,1.0,1.0,3.493179e-06,1,0.9999989
869,13.014151797505477,80.26872937373842,0.9999989,0.9999989,0.00011747921,0.9999995,0.9999995,0.00012914333,0.9999999,0.9999999,0.00010447578,1.0,1.0,1.8969913e-05,1,0.9999989
